source_db_path,target_db_path,output_path,comparison_number,status,match_count,error_message,duration_seconds,peak_memory_mb,early_escape_detected
./ngrams/source/224_أبو_عبيد_القاسم_غريب_الحديث.db,./ngrams/target/148_أبو_حمزة_الثمالي_تفسير_أبي_حمزة_الثمالي_copy1.db,./output/matches_224_أبو_عبيد_القاسم_غريب_الحديث_148_أبو_حمزة_الثمالي_تفسير_أبي_حمزة_الثمالي_copy1.jsonl,1,completed,27,,105.954110686,6506,false
./ngrams/source/224_أبو_عبيد_القاسم_غريب_الحديث.db,./ngrams/target/260_المنسوب_إلى_الإمام_تفسير_الإمام_العسكري_(ع)_copy1.db,./output/matches_224_أبو_عبيد_القاسم_غريب_الحديث_260_المنسوب_إلى_الإمام_تفسير_الإمام_العسكري_(ع)_copy1.jsonl,2,completed,4,,195.982059727,7136,false
./ngrams/source/224_أبو_عبيد_القاسم_غريب_الحديث.db,./ngrams/target/274_أحمد_بن_محمد_المحاسن_copy1.db,./output/matches_224_أبو_عبيد_القاسم_غريب_الحديث_274_أحمد_بن_محمد_المحاسن_copy1.jsonl,3,completed,1,,212.880737766,7004,false
./ngrams/source/224_أبو_عبيد_القاسم_غريب_الحديث.db,./ngrams/target/290_محمد_بن_الحسن_بصائر_الدرجات_copy1.db,./output/matches_224_أبو_عبيد_القاسم_غريب_الحديث_290_محمد_بن_الحسن_بصائر_الدرجات_copy1.jsonl,4,completed,0,,202.443982078,7206,false
./ngrams/source/224_أبو_عبيد_القاسم_غريب_الحديث.db,./ngrams/target/300_الحميري_القمي_قرب_الاسناد_copy1.db,./output/matches_224_أبو_عبيد_القاسم_غريب_الحديث_300_الحميري_القمي_قرب_الاسناد_copy1.jsonl,5,completed,0,,71.219122561,6941,false
./ngrams/source/224_أبو_عبيد_القاسم_غريب_الحديث.db,./ngrams/target/320_محمد_بن_مسعود_تفسير_العياشي_copy1.db,./output/matches_320_محمد_بن_مسعود_تفسير_العياشي_copy1_224_أبو_عبيد_القاسم_غريب_الحديث.jsonl,6,completed,6,,267.446430966,7302,false
./ngrams/source/224_أبو_عبيد_القاسم_غريب_الحديث.db,./ngrams/target/329_الشيخ_الكليني_الكافي_copy1.db,./output/matches_329_الشيخ_الكليني_الكافي_copy1_224_أبو_عبيد_القاسم_غريب_الحديث.jsonl,7,in_progress,,,,,
./ngrams/source/224_أبو_عبيد_القاسم_غريب_الحديث.db,./ngrams/target/381_الشيخ_الصدوق_الأمالي_copy1.db,./output/matches_381_الشيخ_الصدوق_الأمالي_copy1_224_أبو_عبيد_القاسم_غريب_الحديث.jsonl,8,pending,,,,,
./ngrams/source/224_أبو_عبيد_القاسم_غريب_الحديث.db,./ngrams/target/381_الشيخ_الصدوق_الخصال_copy1.db,./output/matches_224_أبو_عبيد_القاسم_غريب_الحديث_381_الشيخ_الصدوق_الخصال_copy1.jsonl,9,pending,,,,,
./ngrams/source/224_أبو_عبيد_القاسم_غريب_الحديث.db,./ngrams/target/381_الشيخ_الصدوق_المقنع_copy1.db,./output/matches_224_أبو_عبيد_القاسم_غريب_الحديث_381_الشيخ_الصدوق_المقنع_copy1.jsonl,10,pending,,,,,
./ngrams/source/224_أبو_عبيد_القاسم_غريب_الحديث.db,./ngrams/target/381_الشيخ_الصدوق_الهداية_copy1.db,./output/matches_224_أبو_عبيد_القاسم_غريب_الحديث_381_الشيخ_الصدوق_الهداية_copy1.jsonl,11,pending,,,,,
./ngrams/source/224_أبو_عبيد_القاسم_غريب_الحديث.db,./ngrams/target/381_الشيخ_الصدوق_علل_الشرائع_copy1.db,./output/matches_381_الشيخ_الصدوق_علل_الشرائع_copy1_224_أبو_عبيد_القاسم_غريب_الحديث.jsonl,12,pending,,,,,
./ngrams/source/224_أبو_عبيد_القاسم_غريب_الحديث.db,./ngrams/target/381_الشيخ_الصدوق_عيون_أخبار_الرضا_(ع)_copy1.db,./output/matches_381_الشيخ_الصدوق_عيون_أخبار_الرضا_(ع)_copy1_224_أبو_عبيد_القاسم_غريب_الحديث.jsonl,13,pending,,,,,
./ngrams/source/224_أبو_عبيد_القاسم_غريب_الحديث.db,./ngrams/target/381_الشيخ_الصدوق_معاني_الأخبار_copy1.db,./output/matches_224_أبو_عبيد_القاسم_غريب_الحديث_381_الشيخ_الصدوق_معاني_الأخبار_copy1.jsonl,14,pending,,,,,
./ngrams/source/224_أبو_عبيد_القاسم_غريب_الحديث.db,./ngrams/target/381_الشيخ_الصدوق_من_لا_يحضره_الفقيه_copy1.db,./output/matches_381_الشيخ_الصدوق_من_لا_يحضره_الفقيه_copy1_224_أبو_عبيد_القاسم_غريب_الحديث.jsonl,15,pending,,,,,
./ngrams/source/224_أبو_عبيد_القاسم_غريب_الحديث.db,./ngrams/target/40_خطب_الإمام_علي_نهج_البلاغة_copy1.db,./output/matches_224_أبو_عبيد_القاسم_غريب_الحديث_40_خطب_الإمام_علي_نهج_البلاغة_copy1.jsonl,16,pending,,,,,
./ngrams/source/224_أبو_عبيد_القاسم_غريب_الحديث.db,./ngrams/target/413_الشيخ_المفيد_الأمالي_copy1.db,./output/matches_224_أبو_عبيد_القاسم_غريب_الحديث_413_الشيخ_المفيد_الأمالي_copy1.jsonl,17,pending,,,,,
./ngrams/source/224_أبو_عبيد_القاسم_غريب_الحديث.db,./ngrams/target/413_الشيخ_المفيد_الاختصاص_copy1.db,./output/matches_224_أبو_عبيد_القاسم_غريب_الحديث_413_الشيخ_المفيد_الاختصاص_copy1.jsonl,18,pending,,,,,
./ngrams/source/224_أبو_عبيد_القاسم_غريب_الحديث.db,./ngrams/target/436_السيد_المرتضى_الذريعة_(أصول_فقه)_copy1.db,./output/matches_224_أبو_عبيد_القاسم_غريب_الحديث_436_السيد_المرتضى_الذريعة_(أصول_فقه)_copy1.jsonl,19,pending,,,,,
./ngrams/source/224_أبو_عبيد_القاسم_غريب_الحديث.db,./ngrams/target/460_الشيخ_الطوسي_الاستبصار_copy1.db,./output/matches_460_الشيخ_الطوسي_الاستبصار_copy1_224_أبو_عبيد_القاسم_غريب_الحديث.jsonl,20,pending,,,,,
./ngrams/source/224_أبو_عبيد_القاسم_غريب_الحديث.db,./ngrams/target/460_الشيخ_الطوسي_التبيان_copy1.db,./output/matches_460_الشيخ_الطوسي_التبيان_copy1_224_أبو_عبيد_القاسم_غريب_الحديث.jsonl,21,pending,,,,,
./ngrams/source/224_أبو_عبيد_القاسم_غريب_الحديث.db,./ngrams/target/460_الشيخ_الطوسي_تهذيب_الأحكام_copy1.db,./output/matches_460_الشيخ_الطوسي_تهذيب_الأحكام_copy1_224_أبو_عبيد_القاسم_غريب_الحديث.jsonl,22,pending,,,,,
./ngrams/source/224_أبو_عبيد_القاسم_غريب_الحديث.db,./ngrams/target/460_الشيخ_الطوسي_عدة_الأصول_(ط.ق)_copy1.db,./output/matches_224_أبو_عبيد_القاسم_غريب_الحديث_460_الشيخ_الطوسي_عدة_الأصول_(ط.ق)_copy1.jsonl,23,pending,,,,,
./ngrams/source/224_أبو_عبيد_القاسم_غريب_الحديث.db,./ngrams/target/ق 1_تحقيق_محمد_باقر_كتاب_سليم_بن_قيس_copy1.db,./output/matches_224_أبو_عبيد_القاسم_غريب_الحديث_ق 1_تحقيق_محمد_باقر_كتاب_سليم_بن_قيس_copy1.jsonl,24,pending,,,,,
./ngrams/source/224_أبو_عبيد_القاسم_غريب_الحديث.db,./ngrams/target/ق 2-3_رواية_كبار_المحدثين_تاريخ_أهل_البيت_(ع)_copy1.db,./output/matches_224_أبو_عبيد_القاسم_غريب_الحديث_ق 2-3_رواية_كبار_المحدثين_تاريخ_أهل_البيت_(ع)_copy1.jsonl,25,pending,,,,,
./ngrams/source/224_أبو_عبيد_القاسم_غريب_الحديث.db,./ngrams/target/ق 2_ابن_الإمام_جعفر_مسائل_علي_بن_جعفر_copy1.db,./output/matches_224_أبو_عبيد_القاسم_غريب_الحديث_ق 2_ابن_الإمام_جعفر_مسائل_علي_بن_جعفر_copy1.jsonl,26,pending,,,,,
./ngrams/source/224_أبو_عبيد_القاسم_غريب_الحديث.db,./ngrams/target/ق 2_عدة_محدثين_الأصول_الستة_عشر_copy1.db,./output/matches_224_أبو_عبيد_القاسم_غريب_الحديث_ق 2_عدة_محدثين_الأصول_الستة_عشر_copy1.jsonl,27,pending,,,,,
./ngrams/source/224_أبو_عبيد_القاسم_غريب_الحديث.db,./ngrams/target/ق 3_مؤلف_مجهول_أخبار_الدولة_العباسية_copy1.db,./output/matches_224_أبو_عبيد_القاسم_غريب_الحديث_ق 3_مؤلف_مجهول_أخبار_الدولة_العباسية_copy1.jsonl,28,pending,,,,,
./ngrams/source/224_أبو_عبيد_القاسم_غريب_الحديث.db,./ngrams/target/ق 4_ابن_شعبة_الحراني_تحف_العقول_copy1.db,./output/matches_224_أبو_عبيد_القاسم_غريب_الحديث_ق 4_ابن_شعبة_الحراني_تحف_العقول_copy1.jsonl,29,pending,,,,,
./ngrams/source/224_أبو_عبيد_القاسم_غريب_الحديث.db,./ngrams/target/ق 4_محمد_بن_جرير_المسترشد_copy1.db,./output/matches_224_أبو_عبيد_القاسم_غريب_الحديث_ق 4_محمد_بن_جرير_المسترشد_copy1.jsonl,30,pending,,,,,
./ngrams/source/224_أبو_عبيد_القاسم_غريب_الحديث.db,./ngrams/target/ق 4_محمد_بن_جرير_دلائل_الامامة_copy1.db,./output/matches_224_أبو_عبيد_القاسم_غريب_الحديث_ق 4_محمد_بن_جرير_دلائل_الامامة_copy1.jsonl,31,pending,,,,,
./ngrams/source/224_أبو_عبيد_القاسم_غريب_الحديث.db,./ngrams/target/ق 4_محمد_بن_جرير_نوادر_المعجزات_copy1.db,./output/matches_224_أبو_عبيد_القاسم_غريب_الحديث_ق 4_محمد_بن_جرير_نوادر_المعجزات_copy1.jsonl,32,pending,,,,,
./ngrams/source/224_أبو_عبيد_القاسم_غريب_الحديث.db,./ngrams/target/ق 5_الحلواني_نزهة_الناظر_وتنبيه_الخاطر_copy1.db,./output/matches_224_أبو_عبيد_القاسم_غريب_الحديث_ق 5_الحلواني_نزهة_الناظر_وتنبيه_الخاطر_copy1.jsonl,33,pending,,,,,
./ngrams/source/224_أبو_عبيد_القاسم_غريب_الحديث.db,./ngrams/target/ق 6_عبد_الوهاب_شرح_كلمات_أمير_المؤمنين_علي_copy1.db,./output/matches_224_أبو_عبيد_القاسم_غريب_الحديث_ق 6_عبد_الوهاب_شرح_كلمات_أمير_المؤمنين_علي_copy1.jsonl,34,pending,,,,,
./ngrams/source/224_أبو_عبيد_القاسم_غريب_الحديث.db,./ngrams/target/ق 6_علي_بن_محمد_عيون_الحكم_والمواعظ_copy1.db,./output/matches_224_أبو_عبيد_القاسم_غريب_الحديث_ق 6_علي_بن_محمد_عيون_الحكم_والمواعظ_copy1.jsonl,35,pending,,,,,
./ngrams/source/224_أبو_عبيد_القاسم_غريب_الحديث.db,./ngrams/target/ق 6_قطب_الدين_البيهقي_إصباح_الشيعة_بمصباح_الشريعة_copy1.db,./output/matches_224_أبو_عبيد_القاسم_غريب_الحديث_ق 6_قطب_الدين_البيهقي_إصباح_الشيعة_بمصباح_الشريعة_copy1.jsonl,36,pending,,,,,
./ngrams/source/224_أبو_عبيد_القاسم_غريب_الحديث.db,./ngrams/target/ق 7_علي_الطبرسي_مشكاة_الأنوار_copy1.db,./output/matches_224_أبو_عبيد_القاسم_غريب_الحديث_ق 7_علي_الطبرسي_مشكاة_الأنوار_copy1.jsonl,37,pending,,,,,
./ngrams/source/224_أبو_عبيد_القاسم_غريب_الحديث.db,./ngrams/target/ن329_علي_بن_إبراهيم_تفسير_القمي_copy1.db,./output/matches_ن329_علي_بن_إبراهيم_تفسير_القمي_copy1_224_أبو_عبيد_القاسم_غريب_الحديث.jsonl,38,pending,,,,,
./ngrams/source/276_ابن_قتيبة_غريب_الحديث_copy1.db,./ngrams/target/148_أبو_حمزة_الثمالي_تفسير_أبي_حمزة_الثمالي_copy1.db,./output/matches_276_ابن_قتيبة_غريب_الحديث_copy1_148_أبو_حمزة_الثمالي_تفسير_أبي_حمزة_الثمالي_copy1.jsonl,39,pending,,,,,
./ngrams/source/276_ابن_قتيبة_غريب_الحديث_copy1.db,./ngrams/target/260_المنسوب_إلى_الإمام_تفسير_الإمام_العسكري_(ع)_copy1.db,./output/matches_260_المنسوب_إلى_الإمام_تفسير_الإمام_العسكري_(ع)_copy1_276_ابن_قتيبة_غريب_الحديث_copy1.jsonl,40,pending,,,,,
./ngrams/source/276_ابن_قتيبة_غريب_الحديث_copy1.db,./ngrams/target/274_أحمد_بن_محمد_المحاسن_copy1.db,./output/matches_276_ابن_قتيبة_غريب_الحديث_copy1_274_أحمد_بن_محمد_المحاسن_copy1.jsonl,41,pending,,,,,
./ngrams/source/276_ابن_قتيبة_غريب_الحديث_copy1.db,./ngrams/target/290_محمد_بن_الحسن_بصائر_الدرجات_copy1.db,./output/matches_276_ابن_قتيبة_غريب_الحديث_copy1_290_محمد_بن_الحسن_بصائر_الدرجات_copy1.jsonl,42,pending,,,,,
./ngrams/source/276_ابن_قتيبة_غريب_الحديث_copy1.db,./ngrams/target/300_الحميري_القمي_قرب_الاسناد_copy1.db,./output/matches_276_ابن_قتيبة_غريب_الحديث_copy1_300_الحميري_القمي_قرب_الاسناد_copy1.jsonl,43,pending,,,,,
./ngrams/source/276_ابن_قتيبة_غريب_الحديث_copy1.db,./ngrams/target/320_محمد_بن_مسعود_تفسير_العياشي_copy1.db,./output/matches_320_محمد_بن_مسعود_تفسير_العياشي_copy1_276_ابن_قتيبة_غريب_الحديث_copy1.jsonl,44,pending,,,,,
./ngrams/source/276_ابن_قتيبة_غريب_الحديث_copy1.db,./ngrams/target/329_الشيخ_الكليني_الكافي_copy1.db,./output/matches_329_الشيخ_الكليني_الكافي_copy1_276_ابن_قتيبة_غريب_الحديث_copy1.jsonl,45,pending,,,,,
./ngrams/source/276_ابن_قتيبة_غريب_الحديث_copy1.db,./ngrams/target/381_الشيخ_الصدوق_الأمالي_copy1.db,./output/matches_381_الشيخ_الصدوق_الأمالي_copy1_276_ابن_قتيبة_غريب_الحديث_copy1.jsonl,46,pending,,,,,
./ngrams/source/276_ابن_قتيبة_غريب_الحديث_copy1.db,./ngrams/target/381_الشيخ_الصدوق_الخصال_copy1.db,./output/matches_276_ابن_قتيبة_غريب_الحديث_copy1_381_الشيخ_الصدوق_الخصال_copy1.jsonl,47,pending,,,,,
./ngrams/source/276_ابن_قتيبة_غريب_الحديث_copy1.db,./ngrams/target/381_الشيخ_الصدوق_المقنع_copy1.db,./output/matches_276_ابن_قتيبة_غريب_الحديث_copy1_381_الشيخ_الصدوق_المقنع_copy1.jsonl,48,pending,,,,,
./ngrams/source/276_ابن_قتيبة_غريب_الحديث_copy1.db,./ngrams/target/381_الشيخ_الصدوق_الهداية_copy1.db,./output/matches_276_ابن_قتيبة_غريب_الحديث_copy1_381_الشيخ_الصدوق_الهداية_copy1.jsonl,49,pending,,,,,
./ngrams/source/276_ابن_قتيبة_غريب_الحديث_copy1.db,./ngrams/target/381_الشيخ_الصدوق_علل_الشرائع_copy1.db,./output/matches_381_الشيخ_الصدوق_علل_الشرائع_copy1_276_ابن_قتيبة_غريب_الحديث_copy1.jsonl,50,pending,,,,,
./ngrams/source/276_ابن_قتيبة_غريب_الحديث_copy1.db,./ngrams/target/381_الشيخ_الصدوق_عيون_أخبار_الرضا_(ع)_copy1.db,./output/matches_381_الشيخ_الصدوق_عيون_أخبار_الرضا_(ع)_copy1_276_ابن_قتيبة_غريب_الحديث_copy1.jsonl,51,pending,,,,,
./ngrams/source/276_ابن_قتيبة_غريب_الحديث_copy1.db,./ngrams/target/381_الشيخ_الصدوق_معاني_الأخبار_copy1.db,./output/matches_276_ابن_قتيبة_غريب_الحديث_copy1_381_الشيخ_الصدوق_معاني_الأخبار_copy1.jsonl,52,pending,,,,,
./ngrams/source/276_ابن_قتيبة_غريب_الحديث_copy1.db,./ngrams/target/381_الشيخ_الصدوق_من_لا_يحضره_الفقيه_copy1.db,./output/matches_381_الشيخ_الصدوق_من_لا_يحضره_الفقيه_copy1_276_ابن_قتيبة_غريب_الحديث_copy1.jsonl,53,pending,,,,,
./ngrams/source/276_ابن_قتيبة_غريب_الحديث_copy1.db,./ngrams/target/40_خطب_الإمام_علي_نهج_البلاغة_copy1.db,./output/matches_276_ابن_قتيبة_غريب_الحديث_copy1_40_خطب_الإمام_علي_نهج_البلاغة_copy1.jsonl,54,pending,,,,,
./ngrams/source/276_ابن_قتيبة_غريب_الحديث_copy1.db,./ngrams/target/413_الشيخ_المفيد_الأمالي_copy1.db,./output/matches_276_ابن_قتيبة_غريب_الحديث_copy1_413_الشيخ_المفيد_الأمالي_copy1.jsonl,55,pending,,,,,
./ngrams/source/276_ابن_قتيبة_غريب_الحديث_copy1.db,./ngrams/target/413_الشيخ_المفيد_الاختصاص_copy1.db,./output/matches_276_ابن_قتيبة_غريب_الحديث_copy1_413_الشيخ_المفيد_الاختصاص_copy1.jsonl,56,pending,,,,,
./ngrams/source/276_ابن_قتيبة_غريب_الحديث_copy1.db,./ngrams/target/436_السيد_المرتضى_الذريعة_(أصول_فقه)_copy1.db,./output/matches_276_ابن_قتيبة_غريب_الحديث_copy1_436_السيد_المرتضى_الذريعة_(أصول_فقه)_copy1.jsonl,57,pending,,,,,
./ngrams/source/276_ابن_قتيبة_غريب_الحديث_copy1.db,./ngrams/target/460_الشيخ_الطوسي_الاستبصار_copy1.db,./output/matches_460_الشيخ_الطوسي_الاستبصار_copy1_276_ابن_قتيبة_غريب_الحديث_copy1.jsonl,58,pending,,,,,
./ngrams/source/276_ابن_قتيبة_غريب_الحديث_copy1.db,./ngrams/target/460_الشيخ_الطوسي_التبيان_copy1.db,./output/matches_460_الشيخ_الطوسي_التبيان_copy1_276_ابن_قتيبة_غريب_الحديث_copy1.jsonl,59,pending,,,,,
./ngrams/source/276_ابن_قتيبة_غريب_الحديث_copy1.db,./ngrams/target/460_الشيخ_الطوسي_تهذيب_الأحكام_copy1.db,./output/matches_460_الشيخ_الطوسي_تهذيب_الأحكام_copy1_276_ابن_قتيبة_غريب_الحديث_copy1.jsonl,60,pending,,,,,
./ngrams/source/276_ابن_قتيبة_غريب_الحديث_copy1.db,./ngrams/target/460_الشيخ_الطوسي_عدة_الأصول_(ط.ق)_copy1.db,./output/matches_276_ابن_قتيبة_غريب_الحديث_copy1_460_الشيخ_الطوسي_عدة_الأصول_(ط.ق)_copy1.jsonl,61,pending,,,,,
./ngrams/source/276_ابن_قتيبة_غريب_الحديث_copy1.db,./ngrams/target/ق 1_تحقيق_محمد_باقر_كتاب_سليم_بن_قيس_copy1.db,./output/matches_276_ابن_قتيبة_غريب_الحديث_copy1_ق 1_تحقيق_محمد_باقر_كتاب_سليم_بن_قيس_copy1.jsonl,62,pending,,,,,
./ngrams/source/276_ابن_قتيبة_غريب_الحديث_copy1.db,./ngrams/target/ق 2-3_رواية_كبار_المحدثين_تاريخ_أهل_البيت_(ع)_copy1.db,./output/matches_276_ابن_قتيبة_غريب_الحديث_copy1_ق 2-3_رواية_كبار_المحدثين_تاريخ_أهل_البيت_(ع)_copy1.jsonl,63,pending,,,,,
./ngrams/source/276_ابن_قتيبة_غريب_الحديث_copy1.db,./ngrams/target/ق 2_ابن_الإمام_جعفر_مسائل_علي_بن_جعفر_copy1.db,./output/matches_276_ابن_قتيبة_غريب_الحديث_copy1_ق 2_ابن_الإمام_جعفر_مسائل_علي_بن_جعفر_copy1.jsonl,64,pending,,,,,
./ngrams/source/276_ابن_قتيبة_غريب_الحديث_copy1.db,./ngrams/target/ق 2_عدة_محدثين_الأصول_الستة_عشر_copy1.db,./output/matches_276_ابن_قتيبة_غريب_الحديث_copy1_ق 2_عدة_محدثين_الأصول_الستة_عشر_copy1.jsonl,65,pending,,,,,
./ngrams/source/276_ابن_قتيبة_غريب_الحديث_copy1.db,./ngrams/target/ق 3_مؤلف_مجهول_أخبار_الدولة_العباسية_copy1.db,./output/matches_276_ابن_قتيبة_غريب_الحديث_copy1_ق 3_مؤلف_مجهول_أخبار_الدولة_العباسية_copy1.jsonl,66,pending,,,,,
./ngrams/source/276_ابن_قتيبة_غريب_الحديث_copy1.db,./ngrams/target/ق 4_ابن_شعبة_الحراني_تحف_العقول_copy1.db,./output/matches_276_ابن_قتيبة_غريب_الحديث_copy1_ق 4_ابن_شعبة_الحراني_تحف_العقول_copy1.jsonl,67,pending,,,,,
./ngrams/source/276_ابن_قتيبة_غريب_الحديث_copy1.db,./ngrams/target/ق 4_محمد_بن_جرير_المسترشد_copy1.db,./output/matches_276_ابن_قتيبة_غريب_الحديث_copy1_ق 4_محمد_بن_جرير_المسترشد_copy1.jsonl,68,pending,,,,,
./ngrams/source/276_ابن_قتيبة_غريب_الحديث_copy1.db,./ngrams/target/ق 4_محمد_بن_جرير_دلائل_الامامة_copy1.db,./output/matches_276_ابن_قتيبة_غريب_الحديث_copy1_ق 4_محمد_بن_جرير_دلائل_الامامة_copy1.jsonl,69,pending,,,,,
./ngrams/source/276_ابن_قتيبة_غريب_الحديث_copy1.db,./ngrams/target/ق 4_محمد_بن_جرير_نوادر_المعجزات_copy1.db,./output/matches_276_ابن_قتيبة_غريب_الحديث_copy1_ق 4_محمد_بن_جرير_نوادر_المعجزات_copy1.jsonl,70,pending,,,,,
./ngrams/source/276_ابن_قتيبة_غريب_الحديث_copy1.db,./ngrams/target/ق 5_الحلواني_نزهة_الناظر_وتنبيه_الخاطر_copy1.db,./output/matches_276_ابن_قتيبة_غريب_الحديث_copy1_ق 5_الحلواني_نزهة_الناظر_وتنبيه_الخاطر_copy1.jsonl,71,pending,,,,,
./ngrams/source/276_ابن_قتيبة_غريب_الحديث_copy1.db,./ngrams/target/ق 6_عبد_الوهاب_شرح_كلمات_أمير_المؤمنين_علي_copy1.db,./output/matches_276_ابن_قتيبة_غريب_الحديث_copy1_ق 6_عبد_الوهاب_شرح_كلمات_أمير_المؤمنين_علي_copy1.jsonl,72,pending,,,,,
./ngrams/source/276_ابن_قتيبة_غريب_الحديث_copy1.db,./ngrams/target/ق 6_علي_بن_محمد_عيون_الحكم_والمواعظ_copy1.db,./output/matches_276_ابن_قتيبة_غريب_الحديث_copy1_ق 6_علي_بن_محمد_عيون_الحكم_والمواعظ_copy1.jsonl,73,pending,,,,,
./ngrams/source/276_ابن_قتيبة_غريب_الحديث_copy1.db,./ngrams/target/ق 6_قطب_الدين_البيهقي_إصباح_الشيعة_بمصباح_الشريعة_copy1.db,./output/matches_276_ابن_قتيبة_غريب_الحديث_copy1_ق 6_قطب_الدين_البيهقي_إصباح_الشيعة_بمصباح_الشريعة_copy1.jsonl,74,pending,,,,,
./ngrams/source/276_ابن_قتيبة_غريب_الحديث_copy1.db,./ngrams/target/ق 7_علي_الطبرسي_مشكاة_الأنوار_copy1.db,./output/matches_276_ابن_قتيبة_غريب_الحديث_copy1_ق 7_علي_الطبرسي_مشكاة_الأنوار_copy1.jsonl,75,pending,,,,,
./ngrams/source/276_ابن_قتيبة_غريب_الحديث_copy1.db,./ngrams/target/ن329_علي_بن_إبراهيم_تفسير_القمي_copy1.db,./output/matches_ن329_علي_بن_إبراهيم_تفسير_القمي_copy1_276_ابن_قتيبة_غريب_الحديث_copy1.jsonl,76,pending,,,,,
./ngrams/source/285_إبراهيم_الحربي_غريب_الحديث_copy1.db,./ngrams/target/148_أبو_حمزة_الثمالي_تفسير_أبي_حمزة_الثمالي_copy1.db,./output/matches_285_إبراهيم_الحربي_غريب_الحديث_copy1_148_أبو_حمزة_الثمالي_تفسير_أبي_حمزة_الثمالي_copy1.jsonl,77,pending,,,,,
./ngrams/source/285_إبراهيم_الحربي_غريب_الحديث_copy1.db,./ngrams/target/260_المنسوب_إلى_الإمام_تفسير_الإمام_العسكري_(ع)_copy1.db,./output/matches_260_المنسوب_إلى_الإمام_تفسير_الإمام_العسكري_(ع)_copy1_285_إبراهيم_الحربي_غريب_الحديث_copy1.jsonl,78,pending,,,,,
./ngrams/source/285_إبراهيم_الحربي_غريب_الحديث_copy1.db,./ngrams/target/274_أحمد_بن_محمد_المحاسن_copy1.db,./output/matches_274_أحمد_بن_محمد_المحاسن_copy1_285_إبراهيم_الحربي_غريب_الحديث_copy1.jsonl,79,pending,,,,,
./ngrams/source/285_إبراهيم_الحربي_غريب_الحديث_copy1.db,./ngrams/target/290_محمد_بن_الحسن_بصائر_الدرجات_copy1.db,./output/matches_290_محمد_بن_الحسن_بصائر_الدرجات_copy1_285_إبراهيم_الحربي_غريب_الحديث_copy1.jsonl,80,pending,,,,,
./ngrams/source/285_إبراهيم_الحربي_غريب_الحديث_copy1.db,./ngrams/target/300_الحميري_القمي_قرب_الاسناد_copy1.db,./output/matches_285_إبراهيم_الحربي_غريب_الحديث_copy1_300_الحميري_القمي_قرب_الاسناد_copy1.jsonl,81,pending,,,,,
./ngrams/source/285_إبراهيم_الحربي_غريب_الحديث_copy1.db,./ngrams/target/320_محمد_بن_مسعود_تفسير_العياشي_copy1.db,./output/matches_320_محمد_بن_مسعود_تفسير_العياشي_copy1_285_إبراهيم_الحربي_غريب_الحديث_copy1.jsonl,82,pending,,,,,
./ngrams/source/285_إبراهيم_الحربي_غريب_الحديث_copy1.db,./ngrams/target/329_الشيخ_الكليني_الكافي_copy1.db,./output/matches_329_الشيخ_الكليني_الكافي_copy1_285_إبراهيم_الحربي_غريب_الحديث_copy1.jsonl,83,pending,,,,,
./ngrams/source/285_إبراهيم_الحربي_غريب_الحديث_copy1.db,./ngrams/target/381_الشيخ_الصدوق_الأمالي_copy1.db,./output/matches_381_الشيخ_الصدوق_الأمالي_copy1_285_إبراهيم_الحربي_غريب_الحديث_copy1.jsonl,84,pending,,,,,
./ngrams/source/285_إبراهيم_الحربي_غريب_الحديث_copy1.db,./ngrams/target/381_الشيخ_الصدوق_الخصال_copy1.db,./output/matches_381_الشيخ_الصدوق_الخصال_copy1_285_إبراهيم_الحربي_غريب_الحديث_copy1.jsonl,85,pending,,,,,
./ngrams/source/285_إبراهيم_الحربي_غريب_الحديث_copy1.db,./ngrams/target/381_الشيخ_الصدوق_المقنع_copy1.db,./output/matches_285_إبراهيم_الحربي_غريب_الحديث_copy1_381_الشيخ_الصدوق_المقنع_copy1.jsonl,86,pending,,,,,
./ngrams/source/285_إبراهيم_الحربي_غريب_الحديث_copy1.db,./ngrams/target/381_الشيخ_الصدوق_الهداية_copy1.db,./output/matches_285_إبراهيم_الحربي_غريب_الحديث_copy1_381_الشيخ_الصدوق_الهداية_copy1.jsonl,87,pending,,,,,
./ngrams/source/285_إبراهيم_الحربي_غريب_الحديث_copy1.db,./ngrams/target/381_الشيخ_الصدوق_علل_الشرائع_copy1.db,./output/matches_381_الشيخ_الصدوق_علل_الشرائع_copy1_285_إبراهيم_الحربي_غريب_الحديث_copy1.jsonl,88,pending,,,,,
./ngrams/source/285_إبراهيم_الحربي_غريب_الحديث_copy1.db,./ngrams/target/381_الشيخ_الصدوق_عيون_أخبار_الرضا_(ع)_copy1.db,./output/matches_381_الشيخ_الصدوق_عيون_أخبار_الرضا_(ع)_copy1_285_إبراهيم_الحربي_غريب_الحديث_copy1.jsonl,89,pending,,,,,
./ngrams/source/285_إبراهيم_الحربي_غريب_الحديث_copy1.db,./ngrams/target/381_الشيخ_الصدوق_معاني_الأخبار_copy1.db,./output/matches_285_إبراهيم_الحربي_غريب_الحديث_copy1_381_الشيخ_الصدوق_معاني_الأخبار_copy1.jsonl,90,pending,,,,,
./ngrams/source/285_إبراهيم_الحربي_غريب_الحديث_copy1.db,./ngrams/target/381_الشيخ_الصدوق_من_لا_يحضره_الفقيه_copy1.db,./output/matches_381_الشيخ_الصدوق_من_لا_يحضره_الفقيه_copy1_285_إبراهيم_الحربي_غريب_الحديث_copy1.jsonl,91,pending,,,,,
./ngrams/source/285_إبراهيم_الحربي_غريب_الحديث_copy1.db,./ngrams/target/40_خطب_الإمام_علي_نهج_البلاغة_copy1.db,./output/matches_285_إبراهيم_الحربي_غريب_الحديث_copy1_40_خطب_الإمام_علي_نهج_البلاغة_copy1.jsonl,92,pending,,,,,
./ngrams/source/285_إبراهيم_الحربي_غريب_الحديث_copy1.db,./ngrams/target/413_الشيخ_المفيد_الأمالي_copy1.db,./output/matches_285_إبراهيم_الحربي_غريب_الحديث_copy1_413_الشيخ_المفيد_الأمالي_copy1.jsonl,93,pending,,,,,
./ngrams/source/285_إبراهيم_الحربي_غريب_الحديث_copy1.db,./ngrams/target/413_الشيخ_المفيد_الاختصاص_copy1.db,./output/matches_285_إبراهيم_الحربي_غريب_الحديث_copy1_413_الشيخ_المفيد_الاختصاص_copy1.jsonl,94,pending,,,,,
./ngrams/source/285_إبراهيم_الحربي_غريب_الحديث_copy1.db,./ngrams/target/436_السيد_المرتضى_الذريعة_(أصول_فقه)_copy1.db,./output/matches_436_السيد_المرتضى_الذريعة_(أصول_فقه)_copy1_285_إبراهيم_الحربي_غريب_الحديث_copy1.jsonl,95,pending,,,,,
./ngrams/source/285_إبراهيم_الحربي_غريب_الحديث_copy1.db,./ngrams/target/460_الشيخ_الطوسي_الاستبصار_copy1.db,./output/matches_460_الشيخ_الطوسي_الاستبصار_copy1_285_إبراهيم_الحربي_غريب_الحديث_copy1.jsonl,96,pending,,,,,
./ngrams/source/285_إبراهيم_الحربي_غريب_الحديث_copy1.db,./ngrams/target/460_الشيخ_الطوسي_التبيان_copy1.db,./output/matches_460_الشيخ_الطوسي_التبيان_copy1_285_إبراهيم_الحربي_غريب_الحديث_copy1.jsonl,97,pending,,,,,
./ngrams/source/285_إبراهيم_الحربي_غريب_الحديث_copy1.db,./ngrams/target/460_الشيخ_الطوسي_تهذيب_الأحكام_copy1.db,./output/matches_460_الشيخ_الطوسي_تهذيب_الأحكام_copy1_285_إبراهيم_الحربي_غريب_الحديث_copy1.jsonl,98,pending,,,,,
./ngrams/source/285_إبراهيم_الحربي_غريب_الحديث_copy1.db,./ngrams/target/460_الشيخ_الطوسي_عدة_الأصول_(ط.ق)_copy1.db,./output/matches_460_الشيخ_الطوسي_عدة_الأصول_(ط.ق)_copy1_285_إبراهيم_الحربي_غريب_الحديث_copy1.jsonl,99,pending,,,,,
./ngrams/source/285_إبراهيم_الحربي_غريب_الحديث_copy1.db,./ngrams/target/ق 1_تحقيق_محمد_باقر_كتاب_سليم_بن_قيس_copy1.db,./output/matches_285_إبراهيم_الحربي_غريب_الحديث_copy1_ق 1_تحقيق_محمد_باقر_كتاب_سليم_بن_قيس_copy1.jsonl,100,pending,,,,,
./ngrams/source/285_إبراهيم_الحربي_غريب_الحديث_copy1.db,./ngrams/target/ق 2-3_رواية_كبار_المحدثين_تاريخ_أهل_البيت_(ع)_copy1.db,./output/matches_285_إبراهيم_الحربي_غريب_الحديث_copy1_ق 2-3_رواية_كبار_المحدثين_تاريخ_أهل_البيت_(ع)_copy1.jsonl,101,pending,,,,,
./ngrams/source/285_إبراهيم_الحربي_غريب_الحديث_copy1.db,./ngrams/target/ق 2_ابن_الإمام_جعفر_مسائل_علي_بن_جعفر_copy1.db,./output/matches_285_إبراهيم_الحربي_غريب_الحديث_copy1_ق 2_ابن_الإمام_جعفر_مسائل_علي_بن_جعفر_copy1.jsonl,102,pending,,,,,
./ngrams/source/285_إبراهيم_الحربي_غريب_الحديث_copy1.db,./ngrams/target/ق 2_عدة_محدثين_الأصول_الستة_عشر_copy1.db,./output/matches_285_إبراهيم_الحربي_غريب_الحديث_copy1_ق 2_عدة_محدثين_الأصول_الستة_عشر_copy1.jsonl,103,pending,,,,,
./ngrams/source/285_إبراهيم_الحربي_غريب_الحديث_copy1.db,./ngrams/target/ق 3_مؤلف_مجهول_أخبار_الدولة_العباسية_copy1.db,./output/matches_285_إبراهيم_الحربي_غريب_الحديث_copy1_ق 3_مؤلف_مجهول_أخبار_الدولة_العباسية_copy1.jsonl,104,pending,,,,,
./ngrams/source/285_إبراهيم_الحربي_غريب_الحديث_copy1.db,./ngrams/target/ق 4_ابن_شعبة_الحراني_تحف_العقول_copy1.db,./output/matches_285_إبراهيم_الحربي_غريب_الحديث_copy1_ق 4_ابن_شعبة_الحراني_تحف_العقول_copy1.jsonl,105,pending,,,,,
./ngrams/source/285_إبراهيم_الحربي_غريب_الحديث_copy1.db,./ngrams/target/ق 4_محمد_بن_جرير_المسترشد_copy1.db,./output/matches_285_إبراهيم_الحربي_غريب_الحديث_copy1_ق 4_محمد_بن_جرير_المسترشد_copy1.jsonl,106,pending,,,,,
./ngrams/source/285_إبراهيم_الحربي_غريب_الحديث_copy1.db,./ngrams/target/ق 4_محمد_بن_جرير_دلائل_الامامة_copy1.db,./output/matches_285_إبراهيم_الحربي_غريب_الحديث_copy1_ق 4_محمد_بن_جرير_دلائل_الامامة_copy1.jsonl,107,pending,,,,,
./ngrams/source/285_إبراهيم_الحربي_غريب_الحديث_copy1.db,./ngrams/target/ق 4_محمد_بن_جرير_نوادر_المعجزات_copy1.db,./output/matches_285_إبراهيم_الحربي_غريب_الحديث_copy1_ق 4_محمد_بن_جرير_نوادر_المعجزات_copy1.jsonl,108,pending,,,,,
./ngrams/source/285_إبراهيم_الحربي_غريب_الحديث_copy1.db,./ngrams/target/ق 5_الحلواني_نزهة_الناظر_وتنبيه_الخاطر_copy1.db,./output/matches_285_إبراهيم_الحربي_غريب_الحديث_copy1_ق 5_الحلواني_نزهة_الناظر_وتنبيه_الخاطر_copy1.jsonl,109,pending,,,,,
./ngrams/source/285_إبراهيم_الحربي_غريب_الحديث_copy1.db,./ngrams/target/ق 6_عبد_الوهاب_شرح_كلمات_أمير_المؤمنين_علي_copy1.db,./output/matches_285_إبراهيم_الحربي_غريب_الحديث_copy1_ق 6_عبد_الوهاب_شرح_كلمات_أمير_المؤمنين_علي_copy1.jsonl,110,pending,,,,,
./ngrams/source/285_إبراهيم_الحربي_غريب_الحديث_copy1.db,./ngrams/target/ق 6_علي_بن_محمد_عيون_الحكم_والمواعظ_copy1.db,./output/matches_285_إبراهيم_الحربي_غريب_الحديث_copy1_ق 6_علي_بن_محمد_عيون_الحكم_والمواعظ_copy1.jsonl,111,pending,,,,,
./ngrams/source/285_إبراهيم_الحربي_غريب_الحديث_copy1.db,./ngrams/target/ق 6_قطب_الدين_البيهقي_إصباح_الشيعة_بمصباح_الشريعة_copy1.db,./output/matches_ق 6_قطب_الدين_البيهقي_إصباح_الشيعة_بمصباح_الشريعة_copy1_285_إبراهيم_الحربي_غريب_الحديث_copy1.jsonl,112,pending,,,,,
./ngrams/source/285_إبراهيم_الحربي_غريب_الحديث_copy1.db,./ngrams/target/ق 7_علي_الطبرسي_مشكاة_الأنوار_copy1.db,./output/matches_285_إبراهيم_الحربي_غريب_الحديث_copy1_ق 7_علي_الطبرسي_مشكاة_الأنوار_copy1.jsonl,113,pending,,,,,
./ngrams/source/285_إبراهيم_الحربي_غريب_الحديث_copy1.db,./ngrams/target/ن329_علي_بن_إبراهيم_تفسير_القمي_copy1.db,./output/matches_ن329_علي_بن_إبراهيم_تفسير_القمي_copy1_285_إبراهيم_الحربي_غريب_الحديث_copy1.jsonl,114,pending,,,,,
./ngrams/source/285_الحربي_غريب_الحديث_copy1.db,./ngrams/target/148_أبو_حمزة_الثمالي_تفسير_أبي_حمزة_الثمالي_copy1.db,./output/matches_285_الحربي_غريب_الحديث_copy1_148_أبو_حمزة_الثمالي_تفسير_أبي_حمزة_الثمالي_copy1.jsonl,115,pending,,,,,
./ngrams/source/285_الحربي_غريب_الحديث_copy1.db,./ngrams/target/260_المنسوب_إلى_الإمام_تفسير_الإمام_العسكري_(ع)_copy1.db,./output/matches_260_المنسوب_إلى_الإمام_تفسير_الإمام_العسكري_(ع)_copy1_285_الحربي_غريب_الحديث_copy1.jsonl,116,pending,,,,,
./ngrams/source/285_الحربي_غريب_الحديث_copy1.db,./ngrams/target/274_أحمد_بن_محمد_المحاسن_copy1.db,./output/matches_274_أحمد_بن_محمد_المحاسن_copy1_285_الحربي_غريب_الحديث_copy1.jsonl,117,pending,,,,,
./ngrams/source/285_الحربي_غريب_الحديث_copy1.db,./ngrams/target/290_محمد_بن_الحسن_بصائر_الدرجات_copy1.db,./output/matches_290_محمد_بن_الحسن_بصائر_الدرجات_copy1_285_الحربي_غريب_الحديث_copy1.jsonl,118,pending,,,,,
./ngrams/source/285_الحربي_غريب_الحديث_copy1.db,./ngrams/target/300_الحميري_القمي_قرب_الاسناد_copy1.db,./output/matches_285_الحربي_غريب_الحديث_copy1_300_الحميري_القمي_قرب_الاسناد_copy1.jsonl,119,pending,,,,,
./ngrams/source/285_الحربي_غريب_الحديث_copy1.db,./ngrams/target/320_محمد_بن_مسعود_تفسير_العياشي_copy1.db,./output/matches_320_محمد_بن_مسعود_تفسير_العياشي_copy1_285_الحربي_غريب_الحديث_copy1.jsonl,120,pending,,,,,
./ngrams/source/285_الحربي_غريب_الحديث_copy1.db,./ngrams/target/329_الشيخ_الكليني_الكافي_copy1.db,./output/matches_329_الشيخ_الكليني_الكافي_copy1_285_الحربي_غريب_الحديث_copy1.jsonl,121,pending,,,,,
./ngrams/source/285_الحربي_غريب_الحديث_copy1.db,./ngrams/target/381_الشيخ_الصدوق_الأمالي_copy1.db,./output/matches_381_الشيخ_الصدوق_الأمالي_copy1_285_الحربي_غريب_الحديث_copy1.jsonl,122,pending,,,,,
./ngrams/source/285_الحربي_غريب_الحديث_copy1.db,./ngrams/target/381_الشيخ_الصدوق_الخصال_copy1.db,./output/matches_381_الشيخ_الصدوق_الخصال_copy1_285_الحربي_غريب_الحديث_copy1.jsonl,123,pending,,,,,
./ngrams/source/285_الحربي_غريب_الحديث_copy1.db,./ngrams/target/381_الشيخ_الصدوق_المقنع_copy1.db,./output/matches_285_الحربي_غريب_الحديث_copy1_381_الشيخ_الصدوق_المقنع_copy1.jsonl,124,pending,,,,,
./ngrams/source/285_الحربي_غريب_الحديث_copy1.db,./ngrams/target/381_الشيخ_الصدوق_الهداية_copy1.db,./output/matches_285_الحربي_غريب_الحديث_copy1_381_الشيخ_الصدوق_الهداية_copy1.jsonl,125,pending,,,,,
./ngrams/source/285_الحربي_غريب_الحديث_copy1.db,./ngrams/target/381_الشيخ_الصدوق_علل_الشرائع_copy1.db,./output/matches_381_الشيخ_الصدوق_علل_الشرائع_copy1_285_الحربي_غريب_الحديث_copy1.jsonl,126,pending,,,,,
./ngrams/source/285_الحربي_غريب_الحديث_copy1.db,./ngrams/target/381_الشيخ_الصدوق_عيون_أخبار_الرضا_(ع)_copy1.db,./output/matches_381_الشيخ_الصدوق_عيون_أخبار_الرضا_(ع)_copy1_285_الحربي_غريب_الحديث_copy1.jsonl,127,pending,,,,,
./ngrams/source/285_الحربي_غريب_الحديث_copy1.db,./ngrams/target/381_الشيخ_الصدوق_معاني_الأخبار_copy1.db,./output/matches_381_الشيخ_الصدوق_معاني_الأخبار_copy1_285_الحربي_غريب_الحديث_copy1.jsonl,128,pending,,,,,
./ngrams/source/285_الحربي_غريب_الحديث_copy1.db,./ngrams/target/381_الشيخ_الصدوق_من_لا_يحضره_الفقيه_copy1.db,./output/matches_381_الشيخ_الصدوق_من_لا_يحضره_الفقيه_copy1_285_الحربي_غريب_الحديث_copy1.jsonl,129,pending,,,,,
./ngrams/source/285_الحربي_غريب_الحديث_copy1.db,./ngrams/target/40_خطب_الإمام_علي_نهج_البلاغة_copy1.db,./output/matches_285_الحربي_غريب_الحديث_copy1_40_خطب_الإمام_علي_نهج_البلاغة_copy1.jsonl,130,pending,,,,,
./ngrams/source/285_الحربي_غريب_الحديث_copy1.db,./ngrams/target/413_الشيخ_المفيد_الأمالي_copy1.db,./output/matches_285_الحربي_غريب_الحديث_copy1_413_الشيخ_المفيد_الأمالي_copy1.jsonl,131,pending,,,,,
./ngrams/source/285_الحربي_غريب_الحديث_copy1.db,./ngrams/target/413_الشيخ_المفيد_الاختصاص_copy1.db,./output/matches_285_الحربي_غريب_الحديث_copy1_413_الشيخ_المفيد_الاختصاص_copy1.jsonl,132,pending,,,,,
./ngrams/source/285_الحربي_غريب_الحديث_copy1.db,./ngrams/target/436_السيد_المرتضى_الذريعة_(أصول_فقه)_copy1.db,./output/matches_436_السيد_المرتضى_الذريعة_(أصول_فقه)_copy1_285_الحربي_غريب_الحديث_copy1.jsonl,133,pending,,,,,
./ngrams/source/285_الحربي_غريب_الحديث_copy1.db,./ngrams/target/460_الشيخ_الطوسي_الاستبصار_copy1.db,./output/matches_460_الشيخ_الطوسي_الاستبصار_copy1_285_الحربي_غريب_الحديث_copy1.jsonl,134,pending,,,,,
./ngrams/source/285_الحربي_غريب_الحديث_copy1.db,./ngrams/target/460_الشيخ_الطوسي_التبيان_copy1.db,./output/matches_460_الشيخ_الطوسي_التبيان_copy1_285_الحربي_غريب_الحديث_copy1.jsonl,135,pending,,,,,
./ngrams/source/285_الحربي_غريب_الحديث_copy1.db,./ngrams/target/460_الشيخ_الطوسي_تهذيب_الأحكام_copy1.db,./output/matches_460_الشيخ_الطوسي_تهذيب_الأحكام_copy1_285_الحربي_غريب_الحديث_copy1.jsonl,136,pending,,,,,
./ngrams/source/285_الحربي_غريب_الحديث_copy1.db,./ngrams/target/460_الشيخ_الطوسي_عدة_الأصول_(ط.ق)_copy1.db,./output/matches_460_الشيخ_الطوسي_عدة_الأصول_(ط.ق)_copy1_285_الحربي_غريب_الحديث_copy1.jsonl,137,pending,,,,,
./ngrams/source/285_الحربي_غريب_الحديث_copy1.db,./ngrams/target/ق 1_تحقيق_محمد_باقر_كتاب_سليم_بن_قيس_copy1.db,./output/matches_285_الحربي_غريب_الحديث_copy1_ق 1_تحقيق_محمد_باقر_كتاب_سليم_بن_قيس_copy1.jsonl,138,pending,,,,,
./ngrams/source/285_الحربي_غريب_الحديث_copy1.db,./ngrams/target/ق 2-3_رواية_كبار_المحدثين_تاريخ_أهل_البيت_(ع)_copy1.db,./output/matches_285_الحربي_غريب_الحديث_copy1_ق 2-3_رواية_كبار_المحدثين_تاريخ_أهل_البيت_(ع)_copy1.jsonl,139,pending,,,,,
./ngrams/source/285_الحربي_غريب_الحديث_copy1.db,./ngrams/target/ق 2_ابن_الإمام_جعفر_مسائل_علي_بن_جعفر_copy1.db,./output/matches_285_الحربي_غريب_الحديث_copy1_ق 2_ابن_الإمام_جعفر_مسائل_علي_بن_جعفر_copy1.jsonl,140,pending,,,,,
./ngrams/source/285_الحربي_غريب_الحديث_copy1.db,./ngrams/target/ق 2_عدة_محدثين_الأصول_الستة_عشر_copy1.db,./output/matches_285_الحربي_غريب_الحديث_copy1_ق 2_عدة_محدثين_الأصول_الستة_عشر_copy1.jsonl,141,pending,,,,,
./ngrams/source/285_الحربي_غريب_الحديث_copy1.db,./ngrams/target/ق 3_مؤلف_مجهول_أخبار_الدولة_العباسية_copy1.db,./output/matches_285_الحربي_غريب_الحديث_copy1_ق 3_مؤلف_مجهول_أخبار_الدولة_العباسية_copy1.jsonl,142,pending,,,,,
./ngrams/source/285_الحربي_غريب_الحديث_copy1.db,./ngrams/target/ق 4_ابن_شعبة_الحراني_تحف_العقول_copy1.db,./output/matches_ق 4_ابن_شعبة_الحراني_تحف_العقول_copy1_285_الحربي_غريب_الحديث_copy1.jsonl,143,pending,,,,,
./ngrams/source/285_الحربي_غريب_الحديث_copy1.db,./ngrams/target/ق 4_محمد_بن_جرير_المسترشد_copy1.db,./output/matches_285_الحربي_غريب_الحديث_copy1_ق 4_محمد_بن_جرير_المسترشد_copy1.jsonl,144,pending,,,,,
./ngrams/source/285_الحربي_غريب_الحديث_copy1.db,./ngrams/target/ق 4_محمد_بن_جرير_دلائل_الامامة_copy1.db,./output/matches_ق 4_محمد_بن_جرير_دلائل_الامامة_copy1_285_الحربي_غريب_الحديث_copy1.jsonl,145,pending,,,,,
./ngrams/source/285_الحربي_غريب_الحديث_copy1.db,./ngrams/target/ق 4_محمد_بن_جرير_نوادر_المعجزات_copy1.db,./output/matches_285_الحربي_غريب_الحديث_copy1_ق 4_محمد_بن_جرير_نوادر_المعجزات_copy1.jsonl,146,pending,,,,,
./ngrams/source/285_الحربي_غريب_الحديث_copy1.db,./ngrams/target/ق 5_الحلواني_نزهة_الناظر_وتنبيه_الخاطر_copy1.db,./output/matches_285_الحربي_غريب_الحديث_copy1_ق 5_الحلواني_نزهة_الناظر_وتنبيه_الخاطر_copy1.jsonl,147,pending,,,,,
./ngrams/source/285_الحربي_غريب_الحديث_copy1.db,./ngrams/target/ق 6_عبد_الوهاب_شرح_كلمات_أمير_المؤمنين_علي_copy1.db,./output/matches_285_الحربي_غريب_الحديث_copy1_ق 6_عبد_الوهاب_شرح_كلمات_أمير_المؤمنين_علي_copy1.jsonl,148,pending,,,,,
./ngrams/source/285_الحربي_غريب_الحديث_copy1.db,./ngrams/target/ق 6_علي_بن_محمد_عيون_الحكم_والمواعظ_copy1.db,./output/matches_285_الحربي_غريب_الحديث_copy1_ق 6_علي_بن_محمد_عيون_الحكم_والمواعظ_copy1.jsonl,149,pending,,,,,
./ngrams/source/285_الحربي_غريب_الحديث_copy1.db,./ngrams/target/ق 6_قطب_الدين_البيهقي_إصباح_الشيعة_بمصباح_الشريعة_copy1.db,./output/matches_ق 6_قطب_الدين_البيهقي_إصباح_الشيعة_بمصباح_الشريعة_copy1_285_الحربي_غريب_الحديث_copy1.jsonl,150,pending,,,,,
./ngrams/source/285_الحربي_غريب_الحديث_copy1.db,./ngrams/target/ق 7_علي_الطبرسي_مشكاة_الأنوار_copy1.db,./output/matches_285_الحربي_غريب_الحديث_copy1_ق 7_علي_الطبرسي_مشكاة_الأنوار_copy1.jsonl,151,pending,,,,,
./ngrams/source/285_الحربي_غريب_الحديث_copy1.db,./ngrams/target/ن329_علي_بن_إبراهيم_تفسير_القمي_copy1.db,./output/matches_ن329_علي_بن_إبراهيم_تفسير_القمي_copy1_285_الحربي_غريب_الحديث_copy1.jsonl,152,pending,,,,,
./ngrams/source/388_الخطابي_غريب_الحديث_copy1.db,./ngrams/target/148_أبو_حمزة_الثمالي_تفسير_أبي_حمزة_الثمالي_copy1.db,./output/matches_388_الخطابي_غريب_الحديث_copy1_148_أبو_حمزة_الثمالي_تفسير_أبي_حمزة_الثمالي_copy1.jsonl,153,pending,,,,,
./ngrams/source/388_الخطابي_غريب_الحديث_copy1.db,./ngrams/target/260_المنسوب_إلى_الإمام_تفسير_الإمام_العسكري_(ع)_copy1.db,./output/matches_388_الخطابي_غريب_الحديث_copy1_260_المنسوب_إلى_الإمام_تفسير_الإمام_العسكري_(ع)_copy1.jsonl,154,pending,,,,,
./ngrams/source/388_الخطابي_غريب_الحديث_copy1.db,./ngrams/target/274_أحمد_بن_محمد_المحاسن_copy1.db,./output/matches_388_الخطابي_غريب_الحديث_copy1_274_أحمد_بن_محمد_المحاسن_copy1.jsonl,155,pending,,,,,
./ngrams/source/388_الخطابي_غريب_الحديث_copy1.db,./ngrams/target/290_محمد_بن_الحسن_بصائر_الدرجات_copy1.db,./output/matches_388_الخطابي_غريب_الحديث_copy1_290_محمد_بن_الحسن_بصائر_الدرجات_copy1.jsonl,156,pending,,,,,
./ngrams/source/388_الخطابي_غريب_الحديث_copy1.db,./ngrams/target/300_الحميري_القمي_قرب_الاسناد_copy1.db,./output/matches_388_الخطابي_غريب_الحديث_copy1_300_الحميري_القمي_قرب_الاسناد_copy1.jsonl,157,pending,,,,,
./ngrams/source/388_الخطابي_غريب_الحديث_copy1.db,./ngrams/target/320_محمد_بن_مسعود_تفسير_العياشي_copy1.db,./output/matches_388_الخطابي_غريب_الحديث_copy1_320_محمد_بن_مسعود_تفسير_العياشي_copy1.jsonl,158,pending,,,,,
./ngrams/source/388_الخطابي_غريب_الحديث_copy1.db,./ngrams/target/329_الشيخ_الكليني_الكافي_copy1.db,./output/matches_329_الشيخ_الكليني_الكافي_copy1_388_الخطابي_غريب_الحديث_copy1.jsonl,159,pending,,,,,
./ngrams/source/388_الخطابي_غريب_الحديث_copy1.db,./ngrams/target/381_الشيخ_الصدوق_الأمالي_copy1.db,./output/matches_388_الخطابي_غريب_الحديث_copy1_381_الشيخ_الصدوق_الأمالي_copy1.jsonl,160,pending,,,,,
./ngrams/source/388_الخطابي_غريب_الحديث_copy1.db,./ngrams/target/381_الشيخ_الصدوق_الخصال_copy1.db,./output/matches_388_الخطابي_غريب_الحديث_copy1_381_الشيخ_الصدوق_الخصال_copy1.jsonl,161,pending,,,,,
./ngrams/source/388_الخطابي_غريب_الحديث_copy1.db,./ngrams/target/381_الشيخ_الصدوق_المقنع_copy1.db,./output/matches_388_الخطابي_غريب_الحديث_copy1_381_الشيخ_الصدوق_المقنع_copy1.jsonl,162,pending,,,,,
./ngrams/source/388_الخطابي_غريب_الحديث_copy1.db,./ngrams/target/381_الشيخ_الصدوق_الهداية_copy1.db,./output/matches_388_الخطابي_غريب_الحديث_copy1_381_الشيخ_الصدوق_الهداية_copy1.jsonl,163,pending,,,,,
./ngrams/source/388_الخطابي_غريب_الحديث_copy1.db,./ngrams/target/381_الشيخ_الصدوق_علل_الشرائع_copy1.db,./output/matches_388_الخطابي_غريب_الحديث_copy1_381_الشيخ_الصدوق_علل_الشرائع_copy1.jsonl,164,pending,,,,,
./ngrams/source/388_الخطابي_غريب_الحديث_copy1.db,./ngrams/target/381_الشيخ_الصدوق_عيون_أخبار_الرضا_(ع)_copy1.db,./output/matches_388_الخطابي_غريب_الحديث_copy1_381_الشيخ_الصدوق_عيون_أخبار_الرضا_(ع)_copy1.jsonl,165,pending,,,,,
./ngrams/source/388_الخطابي_غريب_الحديث_copy1.db,./ngrams/target/381_الشيخ_الصدوق_معاني_الأخبار_copy1.db,./output/matches_388_الخطابي_غريب_الحديث_copy1_381_الشيخ_الصدوق_معاني_الأخبار_copy1.jsonl,166,pending,,,,,
./ngrams/source/388_الخطابي_غريب_الحديث_copy1.db,./ngrams/target/381_الشيخ_الصدوق_من_لا_يحضره_الفقيه_copy1.db,./output/matches_381_الشيخ_الصدوق_من_لا_يحضره_الفقيه_copy1_388_الخطابي_غريب_الحديث_copy1.jsonl,167,pending,,,,,
./ngrams/source/388_الخطابي_غريب_الحديث_copy1.db,./ngrams/target/40_خطب_الإمام_علي_نهج_البلاغة_copy1.db,./output/matches_388_الخطابي_غريب_الحديث_copy1_40_خطب_الإمام_علي_نهج_البلاغة_copy1.jsonl,168,pending,,,,,
./ngrams/source/388_الخطابي_غريب_الحديث_copy1.db,./ngrams/target/413_الشيخ_المفيد_الأمالي_copy1.db,./output/matches_388_الخطابي_غريب_الحديث_copy1_413_الشيخ_المفيد_الأمالي_copy1.jsonl,169,pending,,,,,
./ngrams/source/388_الخطابي_غريب_الحديث_copy1.db,./ngrams/target/413_الشيخ_المفيد_الاختصاص_copy1.db,./output/matches_388_الخطابي_غريب_الحديث_copy1_413_الشيخ_المفيد_الاختصاص_copy1.jsonl,170,pending,,,,,
./ngrams/source/388_الخطابي_غريب_الحديث_copy1.db,./ngrams/target/436_السيد_المرتضى_الذريعة_(أصول_فقه)_copy1.db,./output/matches_388_الخطابي_غريب_الحديث_copy1_436_السيد_المرتضى_الذريعة_(أصول_فقه)_copy1.jsonl,171,pending,,,,,
./ngrams/source/388_الخطابي_غريب_الحديث_copy1.db,./ngrams/target/460_الشيخ_الطوسي_الاستبصار_copy1.db,./output/matches_460_الشيخ_الطوسي_الاستبصار_copy1_388_الخطابي_غريب_الحديث_copy1.jsonl,172,pending,,,,,
./ngrams/source/388_الخطابي_غريب_الحديث_copy1.db,./ngrams/target/460_الشيخ_الطوسي_التبيان_copy1.db,./output/matches_460_الشيخ_الطوسي_التبيان_copy1_388_الخطابي_غريب_الحديث_copy1.jsonl,173,pending,,,,,
./ngrams/source/388_الخطابي_غريب_الحديث_copy1.db,./ngrams/target/460_الشيخ_الطوسي_تهذيب_الأحكام_copy1.db,./output/matches_460_الشيخ_الطوسي_تهذيب_الأحكام_copy1_388_الخطابي_غريب_الحديث_copy1.jsonl,174,pending,,,,,
./ngrams/source/388_الخطابي_غريب_الحديث_copy1.db,./ngrams/target/460_الشيخ_الطوسي_عدة_الأصول_(ط.ق)_copy1.db,./output/matches_388_الخطابي_غريب_الحديث_copy1_460_الشيخ_الطوسي_عدة_الأصول_(ط.ق)_copy1.jsonl,175,pending,,,,,
./ngrams/source/388_الخطابي_غريب_الحديث_copy1.db,./ngrams/target/ق 1_تحقيق_محمد_باقر_كتاب_سليم_بن_قيس_copy1.db,./output/matches_388_الخطابي_غريب_الحديث_copy1_ق 1_تحقيق_محمد_باقر_كتاب_سليم_بن_قيس_copy1.jsonl,176,pending,,,,,
./ngrams/source/388_الخطابي_غريب_الحديث_copy1.db,./ngrams/target/ق 2-3_رواية_كبار_المحدثين_تاريخ_أهل_البيت_(ع)_copy1.db,./output/matches_388_الخطابي_غريب_الحديث_copy1_ق 2-3_رواية_كبار_المحدثين_تاريخ_أهل_البيت_(ع)_copy1.jsonl,177,pending,,,,,
./ngrams/source/388_الخطابي_غريب_الحديث_copy1.db,./ngrams/target/ق 2_ابن_الإمام_جعفر_مسائل_علي_بن_جعفر_copy1.db,./output/matches_388_الخطابي_غريب_الحديث_copy1_ق 2_ابن_الإمام_جعفر_مسائل_علي_بن_جعفر_copy1.jsonl,178,pending,,,,,
./ngrams/source/388_الخطابي_غريب_الحديث_copy1.db,./ngrams/target/ق 2_عدة_محدثين_الأصول_الستة_عشر_copy1.db,./output/matches_388_الخطابي_غريب_الحديث_copy1_ق 2_عدة_محدثين_الأصول_الستة_عشر_copy1.jsonl,179,pending,,,,,
./ngrams/source/388_الخطابي_غريب_الحديث_copy1.db,./ngrams/target/ق 3_مؤلف_مجهول_أخبار_الدولة_العباسية_copy1.db,./output/matches_388_الخطابي_غريب_الحديث_copy1_ق 3_مؤلف_مجهول_أخبار_الدولة_العباسية_copy1.jsonl,180,pending,,,,,
./ngrams/source/388_الخطابي_غريب_الحديث_copy1.db,./ngrams/target/ق 4_ابن_شعبة_الحراني_تحف_العقول_copy1.db,./output/matches_388_الخطابي_غريب_الحديث_copy1_ق 4_ابن_شعبة_الحراني_تحف_العقول_copy1.jsonl,181,pending,,,,,
./ngrams/source/388_الخطابي_غريب_الحديث_copy1.db,./ngrams/target/ق 4_محمد_بن_جرير_المسترشد_copy1.db,./output/matches_388_الخطابي_غريب_الحديث_copy1_ق 4_محمد_بن_جرير_المسترشد_copy1.jsonl,182,pending,,,,,
./ngrams/source/388_الخطابي_غريب_الحديث_copy1.db,./ngrams/target/ق 4_محمد_بن_جرير_دلائل_الامامة_copy1.db,./output/matches_388_الخطابي_غريب_الحديث_copy1_ق 4_محمد_بن_جرير_دلائل_الامامة_copy1.jsonl,183,pending,,,,,
./ngrams/source/388_الخطابي_غريب_الحديث_copy1.db,./ngrams/target/ق 4_محمد_بن_جرير_نوادر_المعجزات_copy1.db,./output/matches_388_الخطابي_غريب_الحديث_copy1_ق 4_محمد_بن_جرير_نوادر_المعجزات_copy1.jsonl,184,pending,,,,,
./ngrams/source/388_الخطابي_غريب_الحديث_copy1.db,./ngrams/target/ق 5_الحلواني_نزهة_الناظر_وتنبيه_الخاطر_copy1.db,./output/matches_388_الخطابي_غريب_الحديث_copy1_ق 5_الحلواني_نزهة_الناظر_وتنبيه_الخاطر_copy1.jsonl,185,pending,,,,,
./ngrams/source/388_الخطابي_غريب_الحديث_copy1.db,./ngrams/target/ق 6_عبد_الوهاب_شرح_كلمات_أمير_المؤمنين_علي_copy1.db,./output/matches_388_الخطابي_غريب_الحديث_copy1_ق 6_عبد_الوهاب_شرح_كلمات_أمير_المؤمنين_علي_copy1.jsonl,186,pending,,,,,
./ngrams/source/388_الخطابي_غريب_الحديث_copy1.db,./ngrams/target/ق 6_علي_بن_محمد_عيون_الحكم_والمواعظ_copy1.db,./output/matches_388_الخطابي_غريب_الحديث_copy1_ق 6_علي_بن_محمد_عيون_الحكم_والمواعظ_copy1.jsonl,187,pending,,,,,
./ngrams/source/388_الخطابي_غريب_الحديث_copy1.db,./ngrams/target/ق 6_قطب_الدين_البيهقي_إصباح_الشيعة_بمصباح_الشريعة_copy1.db,./output/matches_388_الخطابي_غريب_الحديث_copy1_ق 6_قطب_الدين_البيهقي_إصباح_الشيعة_بمصباح_الشريعة_copy1.jsonl,188,pending,,,,,
./ngrams/source/388_الخطابي_غريب_الحديث_copy1.db,./ngrams/target/ق 7_علي_الطبرسي_مشكاة_الأنوار_copy1.db,./output/matches_388_الخطابي_غريب_الحديث_copy1_ق 7_علي_الطبرسي_مشكاة_الأنوار_copy1.jsonl,189,pending,,,,,
./ngrams/source/388_الخطابي_غريب_الحديث_copy1.db,./ngrams/target/ن329_علي_بن_إبراهيم_تفسير_القمي_copy1.db,./output/matches_388_الخطابي_غريب_الحديث_copy1_ن329_علي_بن_إبراهيم_تفسير_القمي_copy1.jsonl,190,pending,,,,,
./ngrams/source/538_جار_الله_الزمخشري_الفايق_في_غريب_الحديث_copy1.db,./ngrams/target/148_أبو_حمزة_الثمالي_تفسير_أبي_حمزة_الثمالي_copy1.db,./output/matches_538_جار_الله_الزمخشري_الفايق_في_غريب_الحديث_copy1_148_أبو_حمزة_الثمالي_تفسير_أبي_حمزة_الثمالي_copy1.jsonl,191,pending,,,,,
./ngrams/source/538_جار_الله_الزمخشري_الفايق_في_غريب_الحديث_copy1.db,./ngrams/target/260_المنسوب_إلى_الإمام_تفسير_الإمام_العسكري_(ع)_copy1.db,./output/matches_538_جار_الله_الزمخشري_الفايق_في_غريب_الحديث_copy1_260_المنسوب_إلى_الإمام_تفسير_الإمام_العسكري_(ع)_copy1.jsonl,192,pending,,,,,
./ngrams/source/538_جار_الله_الزمخشري_الفايق_في_غريب_الحديث_copy1.db,./ngrams/target/274_أحمد_بن_محمد_المحاسن_copy1.db,./output/matches_538_جار_الله_الزمخشري_الفايق_في_غريب_الحديث_copy1_274_أحمد_بن_محمد_المحاسن_copy1.jsonl,193,pending,,,,,
./ngrams/source/538_جار_الله_الزمخشري_الفايق_في_غريب_الحديث_copy1.db,./ngrams/target/290_محمد_بن_الحسن_بصائر_الدرجات_copy1.db,./output/matches_538_جار_الله_الزمخشري_الفايق_في_غريب_الحديث_copy1_290_محمد_بن_الحسن_بصائر_الدرجات_copy1.jsonl,194,pending,,,,,
./ngrams/source/538_جار_الله_الزمخشري_الفايق_في_غريب_الحديث_copy1.db,./ngrams/target/300_الحميري_القمي_قرب_الاسناد_copy1.db,./output/matches_538_جار_الله_الزمخشري_الفايق_في_غريب_الحديث_copy1_300_الحميري_القمي_قرب_الاسناد_copy1.jsonl,195,pending,,,,,
./ngrams/source/538_جار_الله_الزمخشري_الفايق_في_غريب_الحديث_copy1.db,./ngrams/target/320_محمد_بن_مسعود_تفسير_العياشي_copy1.db,./output/matches_538_جار_الله_الزمخشري_الفايق_في_غريب_الحديث_copy1_320_محمد_بن_مسعود_تفسير_العياشي_copy1.jsonl,196,pending,,,,,
./ngrams/source/538_جار_الله_الزمخشري_الفايق_في_غريب_الحديث_copy1.db,./ngrams/target/329_الشيخ_الكليني_الكافي_copy1.db,./output/matches_329_الشيخ_الكليني_الكافي_copy1_538_جار_الله_الزمخشري_الفايق_في_غريب_الحديث_copy1.jsonl,197,pending,,,,,
./ngrams/source/538_جار_الله_الزمخشري_الفايق_في_غريب_الحديث_copy1.db,./ngrams/target/381_الشيخ_الصدوق_الأمالي_copy1.db,./output/matches_538_جار_الله_الزمخشري_الفايق_في_غريب_الحديث_copy1_381_الشيخ_الصدوق_الأمالي_copy1.jsonl,198,pending,,,,,
./ngrams/source/538_جار_الله_الزمخشري_الفايق_في_غريب_الحديث_copy1.db,./ngrams/target/381_الشيخ_الصدوق_الخصال_copy1.db,./output/matches_538_جار_الله_الزمخشري_الفايق_في_غريب_الحديث_copy1_381_الشيخ_الصدوق_الخصال_copy1.jsonl,199,pending,,,,,
./ngrams/source/538_جار_الله_الزمخشري_الفايق_في_غريب_الحديث_copy1.db,./ngrams/target/381_الشيخ_الصدوق_المقنع_copy1.db,./output/matches_538_جار_الله_الزمخشري_الفايق_في_غريب_الحديث_copy1_381_الشيخ_الصدوق_المقنع_copy1.jsonl,200,pending,,,,,
./ngrams/source/538_جار_الله_الزمخشري_الفايق_في_غريب_الحديث_copy1.db,./ngrams/target/381_الشيخ_الصدوق_الهداية_copy1.db,./output/matches_538_جار_الله_الزمخشري_الفايق_في_غريب_الحديث_copy1_381_الشيخ_الصدوق_الهداية_copy1.jsonl,201,pending,,,,,
./ngrams/source/538_جار_الله_الزمخشري_الفايق_في_غريب_الحديث_copy1.db,./ngrams/target/381_الشيخ_الصدوق_علل_الشرائع_copy1.db,./output/matches_538_جار_الله_الزمخشري_الفايق_في_غريب_الحديث_copy1_381_الشيخ_الصدوق_علل_الشرائع_copy1.jsonl,202,pending,,,,,
./ngrams/source/538_جار_الله_الزمخشري_الفايق_في_غريب_الحديث_copy1.db,./ngrams/target/381_الشيخ_الصدوق_عيون_أخبار_الرضا_(ع)_copy1.db,./output/matches_538_جار_الله_الزمخشري_الفايق_في_غريب_الحديث_copy1_381_الشيخ_الصدوق_عيون_أخبار_الرضا_(ع)_copy1.jsonl,203,pending,,,,,
./ngrams/source/538_جار_الله_الزمخشري_الفايق_في_غريب_الحديث_copy1.db,./ngrams/target/381_الشيخ_الصدوق_معاني_الأخبار_copy1.db,./output/matches_538_جار_الله_الزمخشري_الفايق_في_غريب_الحديث_copy1_381_الشيخ_الصدوق_معاني_الأخبار_copy1.jsonl,204,pending,,,,,
./ngrams/source/538_جار_الله_الزمخشري_الفايق_في_غريب_الحديث_copy1.db,./ngrams/target/381_الشيخ_الصدوق_من_لا_يحضره_الفقيه_copy1.db,./output/matches_381_الشيخ_الصدوق_من_لا_يحضره_الفقيه_copy1_538_جار_الله_الزمخشري_الفايق_في_غريب_الحديث_copy1.jsonl,205,pending,,,,,
./ngrams/source/538_جار_الله_الزمخشري_الفايق_في_غريب_الحديث_copy1.db,./ngrams/target/40_خطب_الإمام_علي_نهج_البلاغة_copy1.db,./output/matches_538_جار_الله_الزمخشري_الفايق_في_غريب_الحديث_copy1_40_خطب_الإمام_علي_نهج_البلاغة_copy1.jsonl,206,pending,,,,,
./ngrams/source/538_جار_الله_الزمخشري_الفايق_في_غريب_الحديث_copy1.db,./ngrams/target/413_الشيخ_المفيد_الأمالي_copy1.db,./output/matches_538_جار_الله_الزمخشري_الفايق_في_غريب_الحديث_copy1_413_الشيخ_المفيد_الأمالي_copy1.jsonl,207,pending,,,,,
./ngrams/source/538_جار_الله_الزمخشري_الفايق_في_غريب_الحديث_copy1.db,./ngrams/target/413_الشيخ_المفيد_الاختصاص_copy1.db,./output/matches_538_جار_الله_الزمخشري_الفايق_في_غريب_الحديث_copy1_413_الشيخ_المفيد_الاختصاص_copy1.jsonl,208,pending,,,,,
./ngrams/source/538_جار_الله_الزمخشري_الفايق_في_غريب_الحديث_copy1.db,./ngrams/target/436_السيد_المرتضى_الذريعة_(أصول_فقه)_copy1.db,./output/matches_538_جار_الله_الزمخشري_الفايق_في_غريب_الحديث_copy1_436_السيد_المرتضى_الذريعة_(أصول_فقه)_copy1.jsonl,209,pending,,,,,
./ngrams/source/538_جار_الله_الزمخشري_الفايق_في_غريب_الحديث_copy1.db,./ngrams/target/460_الشيخ_الطوسي_الاستبصار_copy1.db,./output/matches_460_الشيخ_الطوسي_الاستبصار_copy1_538_جار_الله_الزمخشري_الفايق_في_غريب_الحديث_copy1.jsonl,210,pending,,,,,
./ngrams/source/538_جار_الله_الزمخشري_الفايق_في_غريب_الحديث_copy1.db,./ngrams/target/460_الشيخ_الطوسي_التبيان_copy1.db,./output/matches_460_الشيخ_الطوسي_التبيان_copy1_538_جار_الله_الزمخشري_الفايق_في_غريب_الحديث_copy1.jsonl,211,pending,,,,,
./ngrams/source/538_جار_الله_الزمخشري_الفايق_في_غريب_الحديث_copy1.db,./ngrams/target/460_الشيخ_الطوسي_تهذيب_الأحكام_copy1.db,./output/matches_460_الشيخ_الطوسي_تهذيب_الأحكام_copy1_538_جار_الله_الزمخشري_الفايق_في_غريب_الحديث_copy1.jsonl,212,pending,,,,,
./ngrams/source/538_جار_الله_الزمخشري_الفايق_في_غريب_الحديث_copy1.db,./ngrams/target/460_الشيخ_الطوسي_عدة_الأصول_(ط.ق)_copy1.db,./output/matches_538_جار_الله_الزمخشري_الفايق_في_غريب_الحديث_copy1_460_الشيخ_الطوسي_عدة_الأصول_(ط.ق)_copy1.jsonl,213,pending,,,,,
./ngrams/source/538_جار_الله_الزمخشري_الفايق_في_غريب_الحديث_copy1.db,./ngrams/target/ق 1_تحقيق_محمد_باقر_كتاب_سليم_بن_قيس_copy1.db,./output/matches_538_جار_الله_الزمخشري_الفايق_في_غريب_الحديث_copy1_ق 1_تحقيق_محمد_باقر_كتاب_سليم_بن_قيس_copy1.jsonl,214,pending,,,,,
./ngrams/source/538_جار_الله_الزمخشري_الفايق_في_غريب_الحديث_copy1.db,./ngrams/target/ق 2-3_رواية_كبار_المحدثين_تاريخ_أهل_البيت_(ع)_copy1.db,./output/matches_538_جار_الله_الزمخشري_الفايق_في_غريب_الحديث_copy1_ق 2-3_رواية_كبار_المحدثين_تاريخ_أهل_البيت_(ع)_copy1.jsonl,215,pending,,,,,
./ngrams/source/538_جار_الله_الزمخشري_الفايق_في_غريب_الحديث_copy1.db,./ngrams/target/ق 2_ابن_الإمام_جعفر_مسائل_علي_بن_جعفر_copy1.db,./output/matches_538_جار_الله_الزمخشري_الفايق_في_غريب_الحديث_copy1_ق 2_ابن_الإمام_جعفر_مسائل_علي_بن_جعفر_copy1.jsonl,216,pending,,,,,
./ngrams/source/538_جار_الله_الزمخشري_الفايق_في_غريب_الحديث_copy1.db,./ngrams/target/ق 2_عدة_محدثين_الأصول_الستة_عشر_copy1.db,./output/matches_538_جار_الله_الزمخشري_الفايق_في_غريب_الحديث_copy1_ق 2_عدة_محدثين_الأصول_الستة_عشر_copy1.jsonl,217,pending,,,,,
./ngrams/source/538_جار_الله_الزمخشري_الفايق_في_غريب_الحديث_copy1.db,./ngrams/target/ق 3_مؤلف_مجهول_أخبار_الدولة_العباسية_copy1.db,./output/matches_538_جار_الله_الزمخشري_الفايق_في_غريب_الحديث_copy1_ق 3_مؤلف_مجهول_أخبار_الدولة_العباسية_copy1.jsonl,218,pending,,,,,
./ngrams/source/538_جار_الله_الزمخشري_الفايق_في_غريب_الحديث_copy1.db,./ngrams/target/ق 4_ابن_شعبة_الحراني_تحف_العقول_copy1.db,./output/matches_538_جار_الله_الزمخشري_الفايق_في_غريب_الحديث_copy1_ق 4_ابن_شعبة_الحراني_تحف_العقول_copy1.jsonl,219,pending,,,,,
./ngrams/source/538_جار_الله_الزمخشري_الفايق_في_غريب_الحديث_copy1.db,./ngrams/target/ق 4_محمد_بن_جرير_المسترشد_copy1.db,./output/matches_538_جار_الله_الزمخشري_الفايق_في_غريب_الحديث_copy1_ق 4_محمد_بن_جرير_المسترشد_copy1.jsonl,220,pending,,,,,
./ngrams/source/538_جار_الله_الزمخشري_الفايق_في_غريب_الحديث_copy1.db,./ngrams/target/ق 4_محمد_بن_جرير_دلائل_الامامة_copy1.db,./output/matches_538_جار_الله_الزمخشري_الفايق_في_غريب_الحديث_copy1_ق 4_محمد_بن_جرير_دلائل_الامامة_copy1.jsonl,221,pending,,,,,
./ngrams/source/538_جار_الله_الزمخشري_الفايق_في_غريب_الحديث_copy1.db,./ngrams/target/ق 4_محمد_بن_جرير_نوادر_المعجزات_copy1.db,./output/matches_538_جار_الله_الزمخشري_الفايق_في_غريب_الحديث_copy1_ق 4_محمد_بن_جرير_نوادر_المعجزات_copy1.jsonl,222,pending,,,,,
./ngrams/source/538_جار_الله_الزمخشري_الفايق_في_غريب_الحديث_copy1.db,./ngrams/target/ق 5_الحلواني_نزهة_الناظر_وتنبيه_الخاطر_copy1.db,./output/matches_538_جار_الله_الزمخشري_الفايق_في_غريب_الحديث_copy1_ق 5_الحلواني_نزهة_الناظر_وتنبيه_الخاطر_copy1.jsonl,223,pending,,,,,
./ngrams/source/538_جار_الله_الزمخشري_الفايق_في_غريب_الحديث_copy1.db,./ngrams/target/ق 6_عبد_الوهاب_شرح_كلمات_أمير_المؤمنين_علي_copy1.db,./output/matches_538_جار_الله_الزمخشري_الفايق_في_غريب_الحديث_copy1_ق 6_عبد_الوهاب_شرح_كلمات_أمير_المؤمنين_علي_copy1.jsonl,224,pending,,,,,
./ngrams/source/538_جار_الله_الزمخشري_الفايق_في_غريب_الحديث_copy1.db,./ngrams/target/ق 6_علي_بن_محمد_عيون_الحكم_والمواعظ_copy1.db,./output/matches_538_جار_الله_الزمخشري_الفايق_في_غريب_الحديث_copy1_ق 6_علي_بن_محمد_عيون_الحكم_والمواعظ_copy1.jsonl,225,pending,,,,,
./ngrams/source/538_جار_الله_الزمخشري_الفايق_في_غريب_الحديث_copy1.db,./ngrams/target/ق 6_قطب_الدين_البيهقي_إصباح_الشيعة_بمصباح_الشريعة_copy1.db,./output/matches_538_جار_الله_الزمخشري_الفايق_في_غريب_الحديث_copy1_ق 6_قطب_الدين_البيهقي_إصباح_الشيعة_بمصباح_الشريعة_copy1.jsonl,226,pending,,,,,
./ngrams/source/538_جار_الله_الزمخشري_الفايق_في_غريب_الحديث_copy1.db,./ngrams/target/ق 7_علي_الطبرسي_مشكاة_الأنوار_copy1.db,./output/matches_538_جار_الله_الزمخشري_الفايق_في_غريب_الحديث_copy1_ق 7_علي_الطبرسي_مشكاة_الأنوار_copy1.jsonl,227,pending,,,,,
./ngrams/source/538_جار_الله_الزمخشري_الفايق_في_غريب_الحديث_copy1.db,./ngrams/target/ن329_علي_بن_إبراهيم_تفسير_القمي_copy1.db,./output/matches_538_جار_الله_الزمخشري_الفايق_في_غريب_الحديث_copy1_ن329_علي_بن_إبراهيم_تفسير_القمي_copy1.jsonl,228,pending,,,,,
./ngrams/source/606_ابن_الأثير_النهاية_في_غريب_الحديث_copy1.db,./ngrams/target/148_أبو_حمزة_الثمالي_تفسير_أبي_حمزة_الثمالي_copy1.db,./output/matches_606_ابن_الأثير_النهاية_في_غريب_الحديث_copy1_148_أبو_حمزة_الثمالي_تفسير_أبي_حمزة_الثمالي_copy1.jsonl,229,pending,,,,,
./ngrams/source/606_ابن_الأثير_النهاية_في_غريب_الحديث_copy1.db,./ngrams/target/260_المنسوب_إلى_الإمام_تفسير_الإمام_العسكري_(ع)_copy1.db,./output/matches_606_ابن_الأثير_النهاية_في_غريب_الحديث_copy1_260_المنسوب_إلى_الإمام_تفسير_الإمام_العسكري_(ع)_copy1.jsonl,230,pending,,,,,
./ngrams/source/606_ابن_الأثير_النهاية_في_غريب_الحديث_copy1.db,./ngrams/target/274_أحمد_بن_محمد_المحاسن_copy1.db,./output/matches_606_ابن_الأثير_النهاية_في_غريب_الحديث_copy1_274_أحمد_بن_محمد_المحاسن_copy1.jsonl,231,pending,,,,,
./ngrams/source/606_ابن_الأثير_النهاية_في_غريب_الحديث_copy1.db,./ngrams/target/290_محمد_بن_الحسن_بصائر_الدرجات_copy1.db,./output/matches_606_ابن_الأثير_النهاية_في_غريب_الحديث_copy1_290_محمد_بن_الحسن_بصائر_الدرجات_copy1.jsonl,232,pending,,,,,
./ngrams/source/606_ابن_الأثير_النهاية_في_غريب_الحديث_copy1.db,./ngrams/target/300_الحميري_القمي_قرب_الاسناد_copy1.db,./output/matches_606_ابن_الأثير_النهاية_في_غريب_الحديث_copy1_300_الحميري_القمي_قرب_الاسناد_copy1.jsonl,233,pending,,,,,
./ngrams/source/606_ابن_الأثير_النهاية_في_غريب_الحديث_copy1.db,./ngrams/target/320_محمد_بن_مسعود_تفسير_العياشي_copy1.db,./output/matches_606_ابن_الأثير_النهاية_في_غريب_الحديث_copy1_320_محمد_بن_مسعود_تفسير_العياشي_copy1.jsonl,234,pending,,,,,
./ngrams/source/606_ابن_الأثير_النهاية_في_غريب_الحديث_copy1.db,./ngrams/target/329_الشيخ_الكليني_الكافي_copy1.db,./output/matches_329_الشيخ_الكليني_الكافي_copy1_606_ابن_الأثير_النهاية_في_غريب_الحديث_copy1.jsonl,235,pending,,,,,
./ngrams/source/606_ابن_الأثير_النهاية_في_غريب_الحديث_copy1.db,./ngrams/target/381_الشيخ_الصدوق_الأمالي_copy1.db,./output/matches_606_ابن_الأثير_النهاية_في_غريب_الحديث_copy1_381_الشيخ_الصدوق_الأمالي_copy1.jsonl,236,pending,,,,,
./ngrams/source/606_ابن_الأثير_النهاية_في_غريب_الحديث_copy1.db,./ngrams/target/381_الشيخ_الصدوق_الخصال_copy1.db,./output/matches_606_ابن_الأثير_النهاية_في_غريب_الحديث_copy1_381_الشيخ_الصدوق_الخصال_copy1.jsonl,237,pending,,,,,
./ngrams/source/606_ابن_الأثير_النهاية_في_غريب_الحديث_copy1.db,./ngrams/target/381_الشيخ_الصدوق_المقنع_copy1.db,./output/matches_606_ابن_الأثير_النهاية_في_غريب_الحديث_copy1_381_الشيخ_الصدوق_المقنع_copy1.jsonl,238,pending,,,,,
./ngrams/source/606_ابن_الأثير_النهاية_في_غريب_الحديث_copy1.db,./ngrams/target/381_الشيخ_الصدوق_الهداية_copy1.db,./output/matches_606_ابن_الأثير_النهاية_في_غريب_الحديث_copy1_381_الشيخ_الصدوق_الهداية_copy1.jsonl,239,pending,,,,,
./ngrams/source/606_ابن_الأثير_النهاية_في_غريب_الحديث_copy1.db,./ngrams/target/381_الشيخ_الصدوق_علل_الشرائع_copy1.db,./output/matches_606_ابن_الأثير_النهاية_في_غريب_الحديث_copy1_381_الشيخ_الصدوق_علل_الشرائع_copy1.jsonl,240,pending,,,,,
./ngrams/source/606_ابن_الأثير_النهاية_في_غريب_الحديث_copy1.db,./ngrams/target/381_الشيخ_الصدوق_عيون_أخبار_الرضا_(ع)_copy1.db,./output/matches_606_ابن_الأثير_النهاية_في_غريب_الحديث_copy1_381_الشيخ_الصدوق_عيون_أخبار_الرضا_(ع)_copy1.jsonl,241,pending,,,,,
./ngrams/source/606_ابن_الأثير_النهاية_في_غريب_الحديث_copy1.db,./ngrams/target/381_الشيخ_الصدوق_معاني_الأخبار_copy1.db,./output/matches_606_ابن_الأثير_النهاية_في_غريب_الحديث_copy1_381_الشيخ_الصدوق_معاني_الأخبار_copy1.jsonl,242,pending,,,,,
./ngrams/source/606_ابن_الأثير_النهاية_في_غريب_الحديث_copy1.db,./ngrams/target/381_الشيخ_الصدوق_من_لا_يحضره_الفقيه_copy1.db,./output/matches_606_ابن_الأثير_النهاية_في_غريب_الحديث_copy1_381_الشيخ_الصدوق_من_لا_يحضره_الفقيه_copy1.jsonl,243,pending,,,,,
./ngrams/source/606_ابن_الأثير_النهاية_في_غريب_الحديث_copy1.db,./ngrams/target/40_خطب_الإمام_علي_نهج_البلاغة_copy1.db,./output/matches_606_ابن_الأثير_النهاية_في_غريب_الحديث_copy1_40_خطب_الإمام_علي_نهج_البلاغة_copy1.jsonl,244,pending,,,,,
./ngrams/source/606_ابن_الأثير_النهاية_في_غريب_الحديث_copy1.db,./ngrams/target/413_الشيخ_المفيد_الأمالي_copy1.db,./output/matches_606_ابن_الأثير_النهاية_في_غريب_الحديث_copy1_413_الشيخ_المفيد_الأمالي_copy1.jsonl,245,pending,,,,,
./ngrams/source/606_ابن_الأثير_النهاية_في_غريب_الحديث_copy1.db,./ngrams/target/413_الشيخ_المفيد_الاختصاص_copy1.db,./output/matches_606_ابن_الأثير_النهاية_في_غريب_الحديث_copy1_413_الشيخ_المفيد_الاختصاص_copy1.jsonl,246,pending,,,,,
./ngrams/source/606_ابن_الأثير_النهاية_في_غريب_الحديث_copy1.db,./ngrams/target/436_السيد_المرتضى_الذريعة_(أصول_فقه)_copy1.db,./output/matches_606_ابن_الأثير_النهاية_في_غريب_الحديث_copy1_436_السيد_المرتضى_الذريعة_(أصول_فقه)_copy1.jsonl,247,pending,,,,,
./ngrams/source/606_ابن_الأثير_النهاية_في_غريب_الحديث_copy1.db,./ngrams/target/460_الشيخ_الطوسي_الاستبصار_copy1.db,./output/matches_606_ابن_الأثير_النهاية_في_غريب_الحديث_copy1_460_الشيخ_الطوسي_الاستبصار_copy1.jsonl,248,pending,,,,,
./ngrams/source/606_ابن_الأثير_النهاية_في_غريب_الحديث_copy1.db,./ngrams/target/460_الشيخ_الطوسي_التبيان_copy1.db,./output/matches_460_الشيخ_الطوسي_التبيان_copy1_606_ابن_الأثير_النهاية_في_غريب_الحديث_copy1.jsonl,249,pending,,,,,
./ngrams/source/606_ابن_الأثير_النهاية_في_غريب_الحديث_copy1.db,./ngrams/target/460_الشيخ_الطوسي_تهذيب_الأحكام_copy1.db,./output/matches_460_الشيخ_الطوسي_تهذيب_الأحكام_copy1_606_ابن_الأثير_النهاية_في_غريب_الحديث_copy1.jsonl,250,pending,,,,,
./ngrams/source/606_ابن_الأثير_النهاية_في_غريب_الحديث_copy1.db,./ngrams/target/460_الشيخ_الطوسي_عدة_الأصول_(ط.ق)_copy1.db,./output/matches_606_ابن_الأثير_النهاية_في_غريب_الحديث_copy1_460_الشيخ_الطوسي_عدة_الأصول_(ط.ق)_copy1.jsonl,251,pending,,,,,
./ngrams/source/606_ابن_الأثير_النهاية_في_غريب_الحديث_copy1.db,./ngrams/target/ق 1_تحقيق_محمد_باقر_كتاب_سليم_بن_قيس_copy1.db,./output/matches_606_ابن_الأثير_النهاية_في_غريب_الحديث_copy1_ق 1_تحقيق_محمد_باقر_كتاب_سليم_بن_قيس_copy1.jsonl,252,pending,,,,,
./ngrams/source/606_ابن_الأثير_النهاية_في_غريب_الحديث_copy1.db,./ngrams/target/ق 2-3_رواية_كبار_المحدثين_تاريخ_أهل_البيت_(ع)_copy1.db,./output/matches_606_ابن_الأثير_النهاية_في_غريب_الحديث_copy1_ق 2-3_رواية_كبار_المحدثين_تاريخ_أهل_البيت_(ع)_copy1.jsonl,253,pending,,,,,
./ngrams/source/606_ابن_الأثير_النهاية_في_غريب_الحديث_copy1.db,./ngrams/target/ق 2_ابن_الإمام_جعفر_مسائل_علي_بن_جعفر_copy1.db,./output/matches_606_ابن_الأثير_النهاية_في_غريب_الحديث_copy1_ق 2_ابن_الإمام_جعفر_مسائل_علي_بن_جعفر_copy1.jsonl,254,pending,,,,,
./ngrams/source/606_ابن_الأثير_النهاية_في_غريب_الحديث_copy1.db,./ngrams/target/ق 2_عدة_محدثين_الأصول_الستة_عشر_copy1.db,./output/matches_606_ابن_الأثير_النهاية_في_غريب_الحديث_copy1_ق 2_عدة_محدثين_الأصول_الستة_عشر_copy1.jsonl,255,pending,,,,,
./ngrams/source/606_ابن_الأثير_النهاية_في_غريب_الحديث_copy1.db,./ngrams/target/ق 3_مؤلف_مجهول_أخبار_الدولة_العباسية_copy1.db,./output/matches_606_ابن_الأثير_النهاية_في_غريب_الحديث_copy1_ق 3_مؤلف_مجهول_أخبار_الدولة_العباسية_copy1.jsonl,256,pending,,,,,
./ngrams/source/606_ابن_الأثير_النهاية_في_غريب_الحديث_copy1.db,./ngrams/target/ق 4_ابن_شعبة_الحراني_تحف_العقول_copy1.db,./output/matches_606_ابن_الأثير_النهاية_في_غريب_الحديث_copy1_ق 4_ابن_شعبة_الحراني_تحف_العقول_copy1.jsonl,257,pending,,,,,
./ngrams/source/606_ابن_الأثير_النهاية_في_غريب_الحديث_copy1.db,./ngrams/target/ق 4_محمد_بن_جرير_المسترشد_copy1.db,./output/matches_606_ابن_الأثير_النهاية_في_غريب_الحديث_copy1_ق 4_محمد_بن_جرير_المسترشد_copy1.jsonl,258,pending,,,,,
./ngrams/source/606_ابن_الأثير_النهاية_في_غريب_الحديث_copy1.db,./ngrams/target/ق 4_محمد_بن_جرير_دلائل_الامامة_copy1.db,./output/matches_606_ابن_الأثير_النهاية_في_غريب_الحديث_copy1_ق 4_محمد_بن_جرير_دلائل_الامامة_copy1.jsonl,259,pending,,,,,
./ngrams/source/606_ابن_الأثير_النهاية_في_غريب_الحديث_copy1.db,./ngrams/target/ق 4_محمد_بن_جرير_نوادر_المعجزات_copy1.db,./output/matches_606_ابن_الأثير_النهاية_في_غريب_الحديث_copy1_ق 4_محمد_بن_جرير_نوادر_المعجزات_copy1.jsonl,260,pending,,,,,
./ngrams/source/606_ابن_الأثير_النهاية_في_غريب_الحديث_copy1.db,./ngrams/target/ق 5_الحلواني_نزهة_الناظر_وتنبيه_الخاطر_copy1.db,./output/matches_606_ابن_الأثير_النهاية_في_غريب_الحديث_copy1_ق 5_الحلواني_نزهة_الناظر_وتنبيه_الخاطر_copy1.jsonl,261,pending,,,,,
./ngrams/source/606_ابن_الأثير_النهاية_في_غريب_الحديث_copy1.db,./ngrams/target/ق 6_عبد_الوهاب_شرح_كلمات_أمير_المؤمنين_علي_copy1.db,./output/matches_606_ابن_الأثير_النهاية_في_غريب_الحديث_copy1_ق 6_عبد_الوهاب_شرح_كلمات_أمير_المؤمنين_علي_copy1.jsonl,262,pending,,,,,
./ngrams/source/606_ابن_الأثير_النهاية_في_غريب_الحديث_copy1.db,./ngrams/target/ق 6_علي_بن_محمد_عيون_الحكم_والمواعظ_copy1.db,./output/matches_606_ابن_الأثير_النهاية_في_غريب_الحديث_copy1_ق 6_علي_بن_محمد_عيون_الحكم_والمواعظ_copy1.jsonl,263,pending,,,,,
./ngrams/source/606_ابن_الأثير_النهاية_في_غريب_الحديث_copy1.db,./ngrams/target/ق 6_قطب_الدين_البيهقي_إصباح_الشيعة_بمصباح_الشريعة_copy1.db,./output/matches_606_ابن_الأثير_النهاية_في_غريب_الحديث_copy1_ق 6_قطب_الدين_البيهقي_إصباح_الشيعة_بمصباح_الشريعة_copy1.jsonl,264,pending,,,,,
./ngrams/source/606_ابن_الأثير_النهاية_في_غريب_الحديث_copy1.db,./ngrams/target/ق 7_علي_الطبرسي_مشكاة_الأنوار_copy1.db,./output/matches_606_ابن_الأثير_النهاية_في_غريب_الحديث_copy1_ق 7_علي_الطبرسي_مشكاة_الأنوار_copy1.jsonl,265,pending,,,,,
./ngrams/source/606_ابن_الأثير_النهاية_في_غريب_الحديث_copy1.db,./ngrams/target/ن329_علي_بن_إبراهيم_تفسير_القمي_copy1.db,./output/matches_606_ابن_الأثير_النهاية_في_غريب_الحديث_copy1_ن329_علي_بن_إبراهيم_تفسير_القمي_copy1.jsonl,266,pending,,,,,
./ngrams/source/None_أبو_عبيد_الهروي_الغريبين_في_القرآن_والحديث_copy1.db,./ngrams/target/148_أبو_حمزة_الثمالي_تفسير_أبي_حمزة_الثمالي_copy1.db,./output/matches_None_أبو_عبيد_الهروي_الغريبين_في_القرآن_والحديث_copy1_148_أبو_حمزة_الثمالي_تفسير_أبي_حمزة_الثمالي_copy1.jsonl,267,pending,,,,,
./ngrams/source/None_أبو_عبيد_الهروي_الغريبين_في_القرآن_والحديث_copy1.db,./ngrams/target/260_المنسوب_إلى_الإمام_تفسير_الإمام_العسكري_(ع)_copy1.db,./output/matches_None_أبو_عبيد_الهروي_الغريبين_في_القرآن_والحديث_copy1_260_المنسوب_إلى_الإمام_تفسير_الإمام_العسكري_(ع)_copy1.jsonl,268,pending,,,,,
./ngrams/source/None_أبو_عبيد_الهروي_الغريبين_في_القرآن_والحديث_copy1.db,./ngrams/target/274_أحمد_بن_محمد_المحاسن_copy1.db,./output/matches_None_أبو_عبيد_الهروي_الغريبين_في_القرآن_والحديث_copy1_274_أحمد_بن_محمد_المحاسن_copy1.jsonl,269,pending,,,,,
./ngrams/source/None_أبو_عبيد_الهروي_الغريبين_في_القرآن_والحديث_copy1.db,./ngrams/target/290_محمد_بن_الحسن_بصائر_الدرجات_copy1.db,./output/matches_None_أبو_عبيد_الهروي_الغريبين_في_القرآن_والحديث_copy1_290_محمد_بن_الحسن_بصائر_الدرجات_copy1.jsonl,270,pending,,,,,
./ngrams/source/None_أبو_عبيد_الهروي_الغريبين_في_القرآن_والحديث_copy1.db,./ngrams/target/300_الحميري_القمي_قرب_الاسناد_copy1.db,./output/matches_None_أبو_عبيد_الهروي_الغريبين_في_القرآن_والحديث_copy1_300_الحميري_القمي_قرب_الاسناد_copy1.jsonl,271,pending,,,,,
./ngrams/source/None_أبو_عبيد_الهروي_الغريبين_في_القرآن_والحديث_copy1.db,./ngrams/target/320_محمد_بن_مسعود_تفسير_العياشي_copy1.db,./output/matches_None_أبو_عبيد_الهروي_الغريبين_في_القرآن_والحديث_copy1_320_محمد_بن_مسعود_تفسير_العياشي_copy1.jsonl,272,pending,,,,,
./ngrams/source/None_أبو_عبيد_الهروي_الغريبين_في_القرآن_والحديث_copy1.db,./ngrams/target/329_الشيخ_الكليني_الكافي_copy1.db,./output/matches_329_الشيخ_الكليني_الكافي_copy1_None_أبو_عبيد_الهروي_الغريبين_في_القرآن_والحديث_copy1.jsonl,273,pending,,,,,
./ngrams/source/None_أبو_عبيد_الهروي_الغريبين_في_القرآن_والحديث_copy1.db,./ngrams/target/381_الشيخ_الصدوق_الأمالي_copy1.db,./output/matches_None_أبو_عبيد_الهروي_الغريبين_في_القرآن_والحديث_copy1_381_الشيخ_الصدوق_الأمالي_copy1.jsonl,274,pending,,,,,
./ngrams/source/None_أبو_عبيد_الهروي_الغريبين_في_القرآن_والحديث_copy1.db,./ngrams/target/381_الشيخ_الصدوق_الخصال_copy1.db,./output/matches_None_أبو_عبيد_الهروي_الغريبين_في_القرآن_والحديث_copy1_381_الشيخ_الصدوق_الخصال_copy1.jsonl,275,pending,,,,,
./ngrams/source/None_أبو_عبيد_الهروي_الغريبين_في_القرآن_والحديث_copy1.db,./ngrams/target/381_الشيخ_الصدوق_المقنع_copy1.db,./output/matches_None_أبو_عبيد_الهروي_الغريبين_في_القرآن_والحديث_copy1_381_الشيخ_الصدوق_المقنع_copy1.jsonl,276,pending,,,,,
./ngrams/source/None_أبو_عبيد_الهروي_الغريبين_في_القرآن_والحديث_copy1.db,./ngrams/target/381_الشيخ_الصدوق_الهداية_copy1.db,./output/matches_None_أبو_عبيد_الهروي_الغريبين_في_القرآن_والحديث_copy1_381_الشيخ_الصدوق_الهداية_copy1.jsonl,277,pending,,,,,
./ngrams/source/None_أبو_عبيد_الهروي_الغريبين_في_القرآن_والحديث_copy1.db,./ngrams/target/381_الشيخ_الصدوق_علل_الشرائع_copy1.db,./output/matches_None_أبو_عبيد_الهروي_الغريبين_في_القرآن_والحديث_copy1_381_الشيخ_الصدوق_علل_الشرائع_copy1.jsonl,278,pending,,,,,
./ngrams/source/None_أبو_عبيد_الهروي_الغريبين_في_القرآن_والحديث_copy1.db,./ngrams/target/381_الشيخ_الصدوق_عيون_أخبار_الرضا_(ع)_copy1.db,./output/matches_None_أبو_عبيد_الهروي_الغريبين_في_القرآن_والحديث_copy1_381_الشيخ_الصدوق_عيون_أخبار_الرضا_(ع)_copy1.jsonl,279,pending,,,,,
./ngrams/source/None_أبو_عبيد_الهروي_الغريبين_في_القرآن_والحديث_copy1.db,./ngrams/target/381_الشيخ_الصدوق_معاني_الأخبار_copy1.db,./output/matches_None_أبو_عبيد_الهروي_الغريبين_في_القرآن_والحديث_copy1_381_الشيخ_الصدوق_معاني_الأخبار_copy1.jsonl,280,pending,,,,,
./ngrams/source/None_أبو_عبيد_الهروي_الغريبين_في_القرآن_والحديث_copy1.db,./ngrams/target/381_الشيخ_الصدوق_من_لا_يحضره_الفقيه_copy1.db,./output/matches_381_الشيخ_الصدوق_من_لا_يحضره_الفقيه_copy1_None_أبو_عبيد_الهروي_الغريبين_في_القرآن_والحديث_copy1.jsonl,281,pending,,,,,
./ngrams/source/None_أبو_عبيد_الهروي_الغريبين_في_القرآن_والحديث_copy1.db,./ngrams/target/40_خطب_الإمام_علي_نهج_البلاغة_copy1.db,./output/matches_None_أبو_عبيد_الهروي_الغريبين_في_القرآن_والحديث_copy1_40_خطب_الإمام_علي_نهج_البلاغة_copy1.jsonl,282,pending,,,,,
./ngrams/source/None_أبو_عبيد_الهروي_الغريبين_في_القرآن_والحديث_copy1.db,./ngrams/target/413_الشيخ_المفيد_الأمالي_copy1.db,./output/matches_None_أبو_عبيد_الهروي_الغريبين_في_القرآن_والحديث_copy1_413_الشيخ_المفيد_الأمالي_copy1.jsonl,283,pending,,,,,
./ngrams/source/None_أبو_عبيد_الهروي_الغريبين_في_القرآن_والحديث_copy1.db,./ngrams/target/413_الشيخ_المفيد_الاختصاص_copy1.db,./output/matches_None_أبو_عبيد_الهروي_الغريبين_في_القرآن_والحديث_copy1_413_الشيخ_المفيد_الاختصاص_copy1.jsonl,284,pending,,,,,
./ngrams/source/None_أبو_عبيد_الهروي_الغريبين_في_القرآن_والحديث_copy1.db,./ngrams/target/436_السيد_المرتضى_الذريعة_(أصول_فقه)_copy1.db,./output/matches_None_أبو_عبيد_الهروي_الغريبين_في_القرآن_والحديث_copy1_436_السيد_المرتضى_الذريعة_(أصول_فقه)_copy1.jsonl,285,pending,,,,,
./ngrams/source/None_أبو_عبيد_الهروي_الغريبين_في_القرآن_والحديث_copy1.db,./ngrams/target/460_الشيخ_الطوسي_الاستبصار_copy1.db,./output/matches_460_الشيخ_الطوسي_الاستبصار_copy1_None_أبو_عبيد_الهروي_الغريبين_في_القرآن_والحديث_copy1.jsonl,286,pending,,,,,
./ngrams/source/None_أبو_عبيد_الهروي_الغريبين_في_القرآن_والحديث_copy1.db,./ngrams/target/460_الشيخ_الطوسي_التبيان_copy1.db,./output/matches_460_الشيخ_الطوسي_التبيان_copy1_None_أبو_عبيد_الهروي_الغريبين_في_القرآن_والحديث_copy1.jsonl,287,pending,,,,,
./ngrams/source/None_أبو_عبيد_الهروي_الغريبين_في_القرآن_والحديث_copy1.db,./ngrams/target/460_الشيخ_الطوسي_تهذيب_الأحكام_copy1.db,./output/matches_460_الشيخ_الطوسي_تهذيب_الأحكام_copy1_None_أبو_عبيد_الهروي_الغريبين_في_القرآن_والحديث_copy1.jsonl,288,pending,,,,,
./ngrams/source/None_أبو_عبيد_الهروي_الغريبين_في_القرآن_والحديث_copy1.db,./ngrams/target/460_الشيخ_الطوسي_عدة_الأصول_(ط.ق)_copy1.db,./output/matches_None_أبو_عبيد_الهروي_الغريبين_في_القرآن_والحديث_copy1_460_الشيخ_الطوسي_عدة_الأصول_(ط.ق)_copy1.jsonl,289,pending,,,,,
./ngrams/source/None_أبو_عبيد_الهروي_الغريبين_في_القرآن_والحديث_copy1.db,./ngrams/target/ق 1_تحقيق_محمد_باقر_كتاب_سليم_بن_قيس_copy1.db,./output/matches_None_أبو_عبيد_الهروي_الغريبين_في_القرآن_والحديث_copy1_ق 1_تحقيق_محمد_باقر_كتاب_سليم_بن_قيس_copy1.jsonl,290,pending,,,,,
./ngrams/source/None_أبو_عبيد_الهروي_الغريبين_في_القرآن_والحديث_copy1.db,./ngrams/target/ق 2-3_رواية_كبار_المحدثين_تاريخ_أهل_البيت_(ع)_copy1.db,./output/matches_None_أبو_عبيد_الهروي_الغريبين_في_القرآن_والحديث_copy1_ق 2-3_رواية_كبار_المحدثين_تاريخ_أهل_البيت_(ع)_copy1.jsonl,291,pending,,,,,
./ngrams/source/None_أبو_عبيد_الهروي_الغريبين_في_القرآن_والحديث_copy1.db,./ngrams/target/ق 2_ابن_الإمام_جعفر_مسائل_علي_بن_جعفر_copy1.db,./output/matches_None_أبو_عبيد_الهروي_الغريبين_في_القرآن_والحديث_copy1_ق 2_ابن_الإمام_جعفر_مسائل_علي_بن_جعفر_copy1.jsonl,292,pending,,,,,
./ngrams/source/None_أبو_عبيد_الهروي_الغريبين_في_القرآن_والحديث_copy1.db,./ngrams/target/ق 2_عدة_محدثين_الأصول_الستة_عشر_copy1.db,./output/matches_None_أبو_عبيد_الهروي_الغريبين_في_القرآن_والحديث_copy1_ق 2_عدة_محدثين_الأصول_الستة_عشر_copy1.jsonl,293,pending,,,,,
./ngrams/source/None_أبو_عبيد_الهروي_الغريبين_في_القرآن_والحديث_copy1.db,./ngrams/target/ق 3_مؤلف_مجهول_أخبار_الدولة_العباسية_copy1.db,./output/matches_None_أبو_عبيد_الهروي_الغريبين_في_القرآن_والحديث_copy1_ق 3_مؤلف_مجهول_أخبار_الدولة_العباسية_copy1.jsonl,294,pending,,,,,
./ngrams/source/None_أبو_عبيد_الهروي_الغريبين_في_القرآن_والحديث_copy1.db,./ngrams/target/ق 4_ابن_شعبة_الحراني_تحف_العقول_copy1.db,./output/matches_None_أبو_عبيد_الهروي_الغريبين_في_القرآن_والحديث_copy1_ق 4_ابن_شعبة_الحراني_تحف_العقول_copy1.jsonl,295,pending,,,,,
./ngrams/source/None_أبو_عبيد_الهروي_الغريبين_في_القرآن_والحديث_copy1.db,./ngrams/target/ق 4_محمد_بن_جرير_المسترشد_copy1.db,./output/matches_None_أبو_عبيد_الهروي_الغريبين_في_القرآن_والحديث_copy1_ق 4_محمد_بن_جرير_المسترشد_copy1.jsonl,296,pending,,,,,
./ngrams/source/None_أبو_عبيد_الهروي_الغريبين_في_القرآن_والحديث_copy1.db,./ngrams/target/ق 4_محمد_بن_جرير_دلائل_الامامة_copy1.db,./output/matches_None_أبو_عبيد_الهروي_الغريبين_في_القرآن_والحديث_copy1_ق 4_محمد_بن_جرير_دلائل_الامامة_copy1.jsonl,297,pending,,,,,
./ngrams/source/None_أبو_عبيد_الهروي_الغريبين_في_القرآن_والحديث_copy1.db,./ngrams/target/ق 4_محمد_بن_جرير_نوادر_المعجزات_copy1.db,./output/matches_None_أبو_عبيد_الهروي_الغريبين_في_القرآن_والحديث_copy1_ق 4_محمد_بن_جرير_نوادر_المعجزات_copy1.jsonl,298,pending,,,,,
./ngrams/source/None_أبو_عبيد_الهروي_الغريبين_في_القرآن_والحديث_copy1.db,./ngrams/target/ق 5_الحلواني_نزهة_الناظر_وتنبيه_الخاطر_copy1.db,./output/matches_None_أبو_عبيد_الهروي_الغريبين_في_القرآن_والحديث_copy1_ق 5_الحلواني_نزهة_الناظر_وتنبيه_الخاطر_copy1.jsonl,299,pending,,,,,
./ngrams/source/None_أبو_عبيد_الهروي_الغريبين_في_القرآن_والحديث_copy1.db,./ngrams/target/ق 6_عبد_الوهاب_شرح_كلمات_أمير_المؤمنين_علي_copy1.db,./output/matches_None_أبو_عبيد_الهروي_الغريبين_في_القرآن_والحديث_copy1_ق 6_عبد_الوهاب_شرح_كلمات_أمير_المؤمنين_علي_copy1.jsonl,300,pending,,,,,
./ngrams/source/None_أبو_عبيد_الهروي_الغريبين_في_القرآن_والحديث_copy1.db,./ngrams/target/ق 6_علي_بن_محمد_عيون_الحكم_والمواعظ_copy1.db,./output/matches_None_أبو_عبيد_الهروي_الغريبين_في_القرآن_والحديث_copy1_ق 6_علي_بن_محمد_عيون_الحكم_والمواعظ_copy1.jsonl,301,pending,,,,,
./ngrams/source/None_أبو_عبيد_الهروي_الغريبين_في_القرآن_والحديث_copy1.db,./ngrams/target/ق 6_قطب_الدين_البيهقي_إصباح_الشيعة_بمصباح_الشريعة_copy1.db,./output/matches_None_أبو_عبيد_الهروي_الغريبين_في_القرآن_والحديث_copy1_ق 6_قطب_الدين_البيهقي_إصباح_الشيعة_بمصباح_الشريعة_copy1.jsonl,302,pending,,,,,
./ngrams/source/None_أبو_عبيد_الهروي_الغريبين_في_القرآن_والحديث_copy1.db,./ngrams/target/ق 7_علي_الطبرسي_مشكاة_الأنوار_copy1.db,./output/matches_None_أبو_عبيد_الهروي_الغريبين_في_القرآن_والحديث_copy1_ق 7_علي_الطبرسي_مشكاة_الأنوار_copy1.jsonl,303,pending,,,,,
./ngrams/source/None_أبو_عبيد_الهروي_الغريبين_في_القرآن_والحديث_copy1.db,./ngrams/target/ن329_علي_بن_إبراهيم_تفسير_القمي_copy1.db,./output/matches_None_أبو_عبيد_الهروي_الغريبين_في_القرآن_والحديث_copy1_ن329_علي_بن_إبراهيم_تفسير_القمي_copy1.jsonl,304,pending,,,,,
